receiver_account,receiver_name,country,risk_rating
B000001,Janani Chhabra,USA,Medium
B000002,Aarna Chauhan,UK,High
B000003,Indali Dube,UK,Medium
B000004,Guneet Sandal,UK,Low
B000005,Bhavika Dar,UAE,High
B000006,Arin Menon,USA,Low
B000007,Chaitaly Bedi,USA,High
B000008,Zayyan Iyer,UAE,Low
B000009,Riya Anand,Singapore,Medium
B000010,Vivaan Ghosh,USA,Low
B000011,Tarak More,USA,Low
B000012,Rachita Rout,UK,Low
B000013,Rajeshri Seth,Singapore,High
B000014,Yagnesh Singh,Singapore,High
B000015,Jairaj Bal,UK,High
B000016,Nilima Sem,UAE,Medium
B000017,Vidhi Thakkar,UAE,Medium
B000018,Chanakya Grover,Singapore,Medium
B000019,Sneha Pant,USA,Low
B000020,Daksh Khanna,Singapore,Low
B000021,Ayush Dey,Singapore,Low
B000022,Nachiket Dyal,India,High
B000023,Hemani Dyal,USA,High
B000024,Michael Loyal,USA,Medium
B000025,Sanya Rao,UAE,Low
B000026,Omkaar Chaudhary,USA,Medium
B000027,Vinaya Kurian,UK,High
B000028,Samesh Bhattacharyya,Singapore,Low
B000029,Fariq Sama,Singapore,Low
B000030,Baghyawati Varghese,India,Medium
B000031,Krishna Devi,India,Low
B000032,Balveer Vaidya,UK,Low
B000033,Maya Mall,UAE,Low
B000034,Advik Bhatnagar,USA,Medium
B000035,Henry Desai,Singapore,Low
B000036,Owen Shroff,UAE,Medium
B000037,Aditya Badami,India,Low
B000038,Odika Dara,USA,Low
B000039,Maanas Divan,UK,Low
B000040,Pratyush Chanda,USA,Medium
B000041,Chaman Yohannan,USA,Medium
B000042,Eesha Sharaf,UAE,Low
B000043,Jhalak Babu,USA,Low
B000044,Sanaya Wadhwa,India,Low
B000045,Isaac Tailor,UK,Low
B000046,Wishi Ganguly,India,High
B000047,Dev Kar,USA,Medium
B000048,Luke Balay,India,Medium
B000049,Yasti Kar,USA,Medium
B000050,Balhaar More,Singapore,Low
B000051,Netra Purohit,UK,Medium
B000052,Kalpit Jha,USA,High
B000053,Akshay Dara,UAE,Medium
B000054,Rudra Keer,India,Low
B000055,Anya Kanda,USA,Low
B000056,Akshay Kunda,USA,Low
B000057,Manthan Savant,UAE,Medium
B000058,Hritik Deshmukh,UK,Medium
B000059,Frederick Borde,UAE,Medium
B000060,Benjamin Sandal,USA,Low
B000061,Niharika Thaker,UAE,High
B000062,Chasmum Panchal,USA,High
B000063,Jeet Narula,UK,Low
B000064,Bishakha Mitter,UK,Low
B000065,Faraj Dar,India,High
B000066,Prisha Arya,UK,Low
B000067,Fariq Balakrishnan,UAE,High
B000068,Frederick Kale,Singapore,Low
B000069,Nilima Sodhi,India,Medium
B000070,Bahadurjit Kakar,UAE,Low
B000071,Gaurangi Buch,USA,High
B000072,Eesha Kala,Singapore,High
B000073,Parth Natarajan,UAE,Medium
B000074,Warinder Modi,Singapore,High
B000075,Chaaya Goel,Singapore,Low
B000076,Kavya Rattan,UK,High
B000077,Ekbal Chana,UK,High
B000078,Harsh Patla,Singapore,High
B000079,Charles Nazareth,Singapore,Medium
B000080,Imaran Mand,UK,High
B000081,Irya Dara,Singapore,High
B000082,Reva Hayre,UAE,High
B000083,Lekha Seth,India,Low
B000084,Radha Lanka,USA,Low
B000085,Sai Solanki,Singapore,Low
B000086,Keya Singhal,Singapore,Low
B000087,Tarak Dhingra,UK,Medium
B000088,Pallavi Dugar,Singapore,High
B000089,Ekaja Ray,USA,Medium
B000090,Yoshita Shankar,UK,High
B000091,Ekapad Vohra,India,Low
B000092,Ishwar Kala,India,Medium
B000093,Tristan Upadhyay,Singapore,High
B000094,Mohammed Balasubramanian,UK,Low
B000095,Oliver Zachariah,UAE,Low
B000096,Abhimanyu Mandal,Singapore,High
B000097,Farhan Ahluwalia,UAE,Medium
B000098,Janaki Morar,Singapore,Medium
B000099,Ira Kurian,Singapore,Medium
B000100,Timothy Vohra,Singapore,Medium
B000101,Vasudha Sinha,Singapore,Medium
B000102,Yagnesh Chad,UK,Medium
B000103,Kamya Jhaveri,India,Low
B000104,Aarav Chaudhari,Singapore,Low
B000105,Onveer Chana,UK,High
B000106,Yauvani Salvi,India,Medium
B000107,Warhi Uppal,India,Medium
B000108,Harsh Parsa,UAE,High
B000109,Jatin Sidhu,UAE,High
B000110,Upma Bhatt,India,Medium
B000111,Aahana Sur,USA,Low
B000112,Raagini Varkey,India,Low
B000113,Wahab Dora,UK,Low
B000114,Sara Balakrishnan,UAE,Low
B000115,Lila Chanda,UK,Low
B000116,Anya Kant,UK,Medium
B000117,Alexander Zachariah,UK,High
B000118,Christopher Goel,UK,Low
B000119,Tanmayi Koshy,UAE,Low
B000120,Girik Saraf,UAE,Medium
B000121,Anika Singhal,India,Medium
B000122,Pushti Ganesh,UK,Medium
B000123,Wyatt Rastogi,Singapore,Medium
B000124,Avni Bali,UAE,High
B000125,Damini Goyal,India,Medium
B000126,Tanveer Sarin,UAE,Low
B000127,Rachana Butala,Singapore,Low
B000128,Panini Buch,USA,High
B000129,Chandani Parikh,USA,Medium
B000130,Zaitra Rajagopalan,USA,High
B000131,Damini Chaudhari,UAE,High
B000132,Rajata Natt,Singapore,High
B000133,Gabriel Dubey,Singapore,Medium
B000134,Ayushman Chawla,India,Medium
B000135,Dominic Kala,USA,Medium
B000136,Niharika Mohan,Singapore,Low
B000137,Sara Oommen,Singapore,Medium
B000138,Vivaan Kar,UAE,Low
B000139,Falak De,UK,Low
B000140,Hema Parmer,UAE,Low
B000141,Qadim Reddy,UK,High
B000142,Oeshi Tailor,India,Medium
B000143,Udarsh Cheema,UK,Medium
B000144,Krishna Wali,USA,Medium
B000145,Jeevika Yadav,Singapore,High
B000146,Sarthak Bava,Singapore,High
B000147,Pushti Bhatnagar,UAE,Medium
B000148,Lekha Narayan,UK,High
B000149,Alexander Keer,India,High
B000150,Harish Chand,India,Low
B000151,Qasim Chopra,USA,Medium
B000152,Osha Parmer,UAE,High
B000153,Ishani Kota,UAE,High
B000154,Madhav Lala,UAE,Medium
B000155,Harini Shankar,Singapore,Low
B000156,Anjali Bali,Singapore,Low
B000157,Meera Sundaram,UAE,Medium
B000158,Saksham Chander,USA,Medium
B000159,Lekha Cheema,India,Medium
B000160,Aarini Choudhary,UAE,Medium
B000161,Harini Mohanty,UK,Low
B000162,Yatin Rajagopalan,USA,Low
B000163,Ekansh Jha,UAE,Low
B000164,Indali Magar,India,High
B000165,Amruta Agate,UAE,Medium
B000166,Upkaar Oak,India,Low
B000167,Avi Reddy,USA,Low
B000168,Theodore Walla,Singapore,Medium
B000169,Damini Pandya,USA,Low
B000170,Nathaniel Sundaram,UK,High
B000171,Wazir Tella,UAE,Low
B000172,Wakeeta Bhagat,Singapore,Low
B000173,Chanakya Murty,UK,High
B000174,Gunbir Goswami,India,Low
B000175,Harshil Nigam,UK,Medium
B000176,Reyansh Varkey,Singapore,Low
B000177,Ganga Doctor,India,Low
B000178,Kashvi Chandra,UAE,Medium
B000179,Ria Swamy,Singapore,High
B000180,Inaya Raja,India,Medium
B000181,Wazir Gala,USA,Low
B000182,Max Mandal,USA,Medium
B000183,Ayushman Subramaniam,Singapore,High
B000184,Hemangini Bhattacharyya,Singapore,Low
B000185,Vivaan Sanghvi,UAE,High
B000186,Pratyush Sant,UK,High
B000187,Lopa De,USA,High
B000188,Jairaj Ratta,Singapore,Medium
B000189,Janani Batta,USA,Low
B000190,Ikbal Dhawan,USA,Medium
B000191,Pratyush Narasimhan,India,Medium
B000192,Ekavir Mohan,UAE,Low
B000193,Aishani Sarma,UAE,Medium
B000194,Daniel Bhargava,UAE,Medium
B000195,Jacob Sood,Singapore,Medium
B000196,Warinder Walla,UAE,Low
B000197,Yutika Khare,India,Medium
B000198,Xalak Gade,Singapore,Medium
B000199,Diya Vala,UK,Medium
B000200,Naveen Panchal,UAE,Low
B000201,Sai Goda,Singapore,Low
B000202,Ekalinga Sagar,USA,High
B000203,Chandran Balakrishnan,Singapore,Medium
B000204,Karan Ramakrishnan,Singapore,High
B000205,Gayathri Vasa,USA,High
B000206,Chakrika Chada,UAE,Low
B000207,Shravya Tank,Singapore,High
B000208,Mohammed Madan,India,Low
B000209,Joshua Rajagopal,USA,Medium
B000210,Leena Kara,UAE,Medium
B000211,Ansh Issac,India,High
B000212,Vihaan Tella,USA,Medium
B000213,Sudiksha Nazareth,Singapore,High
B000214,Jagrati Mahajan,India,Medium
B000215,Zarna Gopal,India,Low
B000216,Bhanumati Prakash,UAE,Medium
B000217,Jairaj Dhaliwal,Singapore,Medium
B000218,Mahika Sangha,USA,Medium
B000219,Wridesh Kuruvilla,USA,High
B000220,Tejas Dhar,India,Medium
B000221,Udarsh Chakraborty,India,Low
B000222,Amara Randhawa,Singapore,Medium
B000223,Dev Sem,UK,High
B000224,Suhani Sethi,Singapore,Low
B000225,Abhiram Radhakrishnan,Singapore,Low
B000226,Rehaan Varghese,India,Medium
B000227,Ekalinga Sule,India,High
B000228,Harshil Ranganathan,USA,Medium
B000229,Omkaar Singhal,Singapore,Medium
B000230,Barkha Bhakta,Singapore,Low
B000231,Laksh Oza,India,High
B000232,Barkha Kalita,USA,High
B000233,Zehaan Badal,Singapore,Low
B000234,Kamya Baral,Singapore,Medium
B000235,Reyansh Devan,USA,Low
B000236,Unni Bera,India,High
B000237,Lakshmi Date,India,Low
B000238,Madhavi Konda,UK,Low
B000239,Urvi Kari,UAE,High
B000240,Nicholas Bassi,Singapore,Low
B000241,Eta Gopal,India,High
B000242,Pranav Balan,India,High
B000243,Onveer Bawa,UK,Low
B000244,Veer Aurora,Singapore,Medium
B000245,Anay Tank,USA,Low
B000246,Praneel Narain,India,High
B000247,Eta Kalita,UAE,Low
B000248,Sachi Kata,Singapore,High
B000249,Devansh Choudhury,India,High
B000250,Aarnav Rastogi,UAE,High
B000251,Balveer Mannan,India,Medium
B000252,Daksha Ravi,UK,Medium
B000253,Karan Boase,India,High
B000254,Gagan Bhavsar,India,Low
B000255,Ryan Koshy,Singapore,Low
B000256,Ojas Srinivas,USA,Medium
B000257,Aahana Dhillon,USA,Low
B000258,George Oak,India,Low
B000259,Jalsa Venkatesh,Singapore,Low
B000260,Max Gala,India,Medium
B000261,Aayush Reddy,USA,High
B000262,Ishwar Kapadia,India,Low
B000263,Chaaya Merchant,India,High
B000264,Eesha Shan,USA,High
B000265,Rushil Naidu,USA,Low
B000266,Bahadurjit Bansal,Singapore,High
B000267,Ekansh Bora,India,Medium
B000268,Xavier Pathak,UK,High
B000269,Tanish Nagar,USA,High
B000270,Vincent Jani,USA,High
B000271,Vincent Sinha,Singapore,Medium
B000272,Noah Divan,India,Low
B000273,Yashodhara Verma,USA,Low
B000274,Yoshita Dewan,UK,Medium
B000275,Yauvani Varma,USA,Low
B000276,Upadhriti Bhakta,Singapore,High
B000277,Darsh Patel,UK,Low
B000278,Harshil Mishra,Singapore,Low
B000279,Pranit Zacharia,Singapore,Low
B000280,Varsha Ramanathan,India,High
B000281,Samesh Sodhi,UK,High
B000282,Eiravati Banik,UAE,Medium
B000283,Gaurav Chaudhuri,India,Low
B000284,Om Kumer,USA,Medium
B000285,Rajata Nayar,UK,High
B000286,Dalaja Bhakta,Singapore,Low
B000287,Aarnav Seth,UAE,High
B000288,Aadi Chaudhary,USA,Medium
B000289,Vinaya Swamy,India,High
B000290,Balhaar Badami,UK,High
B000291,Indali Suresh,Singapore,High
B000292,Baghyawati Buch,USA,Medium
B000293,Ganga Kothari,USA,High
B000294,Rehaan Roy,UK,High
B000295,Aadi Shere,Singapore,Low
B000296,Ekaja Gulati,UK,Low
B000297,Kalpit Ramesh,UAE,High
B000298,Eta Chandran,Singapore,Medium
B000299,Jhalak Krishnamurthy,UAE,High
B000300,Sai Tara,USA,High
B000301,Wyatt Soman,UAE,High
B000302,Faras Ramakrishnan,India,Low
B000303,Eesha Kaul,India,High
B000304,Balendra Kari,India,Medium
B000305,Amol Misra,USA,High
B000306,Aachal Barman,Singapore,Low
B000307,Krish Bhattacharyya,UAE,Low
B000308,Gautam Goda,India,Low
B000309,Ethan Verma,UK,Medium
B000310,Ekaja Suri,UK,Low
B000311,Charita Sekhon,USA,Medium
B000312,Guneet Varma,USA,High
B000313,Gautami Pandey,India,Low
B000314,Lajita Ramanathan,UAE,Medium
B000315,Henry Purohit,UK,Low
B000316,Mitali Murthy,UK,Medium
B000317,Ojas Ganesh,India,High
B000318,Faras Bhavsar,Singapore,High
B000319,Ekalinga Oza,UK,Low
B000320,Madhav Bobal,USA,High
B000321,Sudiksha Pant,UK,Medium
B000322,David Konda,USA,Low
B000323,Nidra Chawla,UAE,Low
B000324,Azaan Vasa,USA,High
B000325,Nisha Bawa,USA,High
B000326,Siya Chatterjee,Singapore,High
B000327,Ishanvi Ganguly,UK,Low
B000328,Oliver Bahri,Singapore,High
B000329,Vaishnavi Sood,India,Low
B000330,Mahika Sachdeva,Singapore,Low
B000331,Ekantika Prashad,USA,Low
B000332,Eesha Nath,USA,Low
B000333,Yadavi Parmer,USA,Low
B000334,Ekiya Talwar,USA,High
B000335,Ojas Mane,UAE,Low
B000336,Om Vohra,USA,High
B000337,Ojasvi Raja,India,Medium
B000338,Girindra Viswanathan,Singapore,Medium
B000339,Orinder Deol,USA,High
B000340,Wishi Dada,USA,Low
B000341,Krish Rout,Singapore,Low
B000342,Krishna Das,UAE,Low
B000343,Wridesh Trivedi,UK,Medium
B000344,Veer Rege,UAE,Medium
B000345,Kai Manne,USA,Medium
B000346,Vidhi Rege,Singapore,Low
B000347,Mohini Cherian,UK,Medium
B000348,Chandran Barad,Singapore,Low
B000349,Niharika Varughese,Singapore,Medium
B000350,Pavani Baral,Singapore,High
B000351,Vanya Sem,UAE,High
B000352,Nidra Manne,Singapore,Low
B000353,Watika Vig,Singapore,Low
B000354,Rushil Samra,Singapore,Medium
B000355,Harinakshi Keer,India,Medium
B000356,Maanas De,UAE,High
B000357,Madhavi Jayaraman,USA,High
B000358,Tanay Sachdev,USA,Medium
B000359,Upma Rau,Singapore,Medium
B000360,Zarna Uppal,UK,Medium
B000361,Xalak Padmanabhan,UK,Medium
B000362,Harsh Edwin,UAE,High
B000363,Samesh Shroff,Singapore,Low
B000364,Pranav Goel,UK,Low
B000365,Chanchal Datta,Singapore,Low
B000366,Faraj Issac,USA,Low
B000367,Dominic Wali,India,Low
B000368,Krish Raju,UAE,High
B000369,Harsh Nagar,UK,Medium
B000370,Daniel Naidu,Singapore,Medium
B000371,Samaksh Dasgupta,Singapore,High
B000372,Vanya Dua,UK,Medium
B000373,Jhalak Balakrishnan,Singapore,Medium
B000374,Lopa Patla,UAE,Low
B000375,Zilmil Rout,Singapore,Low
B000376,Libni Roy,India,Medium
B000377,Pranit Agrawal,UAE,Low
B000378,Nikita Behl,USA,Medium
B000379,Radhika Malhotra,UK,High
B000380,Idika Ray,UK,High
B000381,Ekanta Chaudhari,Singapore,High
B000382,Jackson Sanghvi,UK,High
B000383,Janaki Khanna,India,High
B000384,Barkha Dhar,Singapore,Medium
B000385,Hitesh Kade,USA,Low
B000386,Varsha Sridhar,Singapore,Low
B000387,Amara Varghese,UK,High
B000388,Vrinda More,India,High
B000389,Kavya Kohli,USA,Medium
B000390,Naksh Bhargava,UAE,Medium
B000391,Andrew Mahajan,USA,Medium
B000392,Jagrati Halder,USA,High
B000393,Michael Bhakta,UAE,High
B000394,Indali Gaba,USA,Low
B000395,Yashodhara Puri,India,Low
B000396,Bhavini Murthy,Singapore,Medium
B000397,Bhavika Boase,UAE,Low
B000398,Urmi Bath,UAE,Low
B000399,Tanish Dave,Singapore,Low
B000400,Thomas Prashad,Singapore,Medium
B000401,Diya Madan,UK,High
B000402,Nidra Dass,UAE,High
B000403,Zaitra Suri,Singapore,High
B000404,Shaurya Dhar,UK,High
B000405,Raksha Reddy,Singapore,High
B000406,Pahal Vasa,India,Low
B000407,Rishi Khanna,UAE,Medium
B000408,Hredhaan Singhal,USA,Medium
B000409,Damini Bobal,USA,High
B000410,Tripti Viswanathan,Singapore,High
B000411,Quincy Ganesh,UK,Low
B000412,Kashvi Mallick,USA,Medium
B000413,Baljiwan Divan,India,Low
B000414,Chanchal Sarna,India,High
B000415,Theodore Ratta,Singapore,High
B000416,Pranav Suresh,Singapore,High
B000417,Neel Ganesh,UK,High
B000418,Isaac Pandit,Singapore,Low
B000419,Siddharth Srivastava,USA,Medium
B000420,Anmol Datta,USA,High
B000421,Adya Solanki,USA,Low
B000422,Bina Khanna,Singapore,Low
B000423,Nimrat Mittal,UAE,Low
B000424,Darpan Srinivas,Singapore,High
B000425,Brijesh Deol,USA,Low
B000426,Rajata Sha,USA,Low
B000427,Siya Shanker,USA,Low
B000428,Timothy Krishna,UK,Medium
B000429,Raghav Deep,Singapore,High
B000430,Brinda Som,UAE,Low
B000431,Onveer Nayar,USA,Low
B000432,Robert Badal,UK,Low
B000433,Isaac Bhagat,Singapore,Low
B000434,Darika Hari,UK,Low
B000435,Jagvi Lanka,UK,Low
B000436,Caleb Brar,UAE,Low
B000437,Ijaya Pandey,Singapore,Medium
B000438,Leela Pandya,India,Low
B000439,Banjeet Rai,India,Medium
B000440,Avi Narayan,India,High
B000441,Vrishti Chowdhury,UAE,Low
B000442,Harinakshi Kata,India,Low
B000443,Raagini Randhawa,UAE,Low
B000444,Xalak Salvi,Singapore,High
B000445,Turvi Amble,UAE,Medium
B000446,Hredhaan Chaudry,Singapore,Medium
B000447,Ekiya Mital,UK,High
B000448,Ansh Tiwari,Singapore,Medium
B000449,Advik Luthra,UK,High
B000450,Ucchal Roy,UK,Medium
B000451,Zayyan Chakrabarti,USA,Medium
B000452,Upadhriti Madan,Singapore,Medium
B000453,Indrajit Lanka,UAE,Low
B000454,Damini Sahota,UK,Medium
B000455,Saksham Gaba,India,Low
B000456,Ekantika Chanda,Singapore,High
B000457,Jeet Saha,Singapore,High
B000458,Sai Mall,USA,Low
B000459,Gaurika Singh,UAE,Low
B000460,Tarak Samra,UAE,Medium
B000461,Libni Arora,USA,Medium
B000462,Aarini Kari,Singapore,High
B000463,Lipika Manne,Singapore,High
B000464,Aishani Swaminathan,Singapore,High
B000465,Hiral Nagi,USA,Low
B000466,Avni Handa,UK,Low
B000467,Azad Walia,UK,Low
B000468,Divya Yadav,UK,High
B000469,Rajeshri Khurana,Singapore,Low
B000470,Neel D’Alia,UAE,Medium
B000471,Amara Sagar,Singapore,High
B000472,Harsh Boase,UAE,Low
B000473,Rajata Koshy,UK,Medium
B000474,Jonathan Wable,Singapore,High
B000475,Ishita Gaba,India,High
B000476,Ridhi Lanka,Singapore,Medium
B000477,Ronith Nanda,UAE,Low
B000478,Kritika Din,USA,High
B000479,Edhitha Khatri,UAE,High
B000480,Unni Bava,UAE,Low
B000481,Qarin More,USA,Medium
B000482,Ekani Madan,India,Medium
B000483,Megha Karan,UAE,Medium
B000484,Gaurang Subramanian,USA,Medium
B000485,Agastya Kaul,India,Medium
B000486,Aarna Patel,UAE,Low
B000487,Udyati Tak,USA,Low
B000488,Oscar Wason,USA,High
B000489,Radha Sem,India,Low
B000490,Zarna Mann,Singapore,High
B000491,Vanya Mani,India,Low
B000492,Unni Varkey,UK,Medium
B000493,Ekanta Ram,UK,Low
B000494,Bakhshi Rama,UK,High
B000495,Amol Mani,Singapore,High
B000496,Vrinda Kari,India,High
B000497,Vanya Gopal,USA,High
B000498,Faras Subramaniam,Singapore,Low
B000499,Kritika Morar,UK,Low
B000500,Champak Baria,UAE,High
B000501,Ishani Gala,India,High
B000502,Adya Bava,UK,Medium
B000503,Shivansh Narang,Singapore,High
B000504,Anay Naik,UAE,Medium
B000505,Caleb Wali,USA,Low
B000506,Ekta Parikh,UK,Low
B000507,Onveer Sampath,UK,Low
B000508,Neha Kapur,India,Low
B000509,Sara Magar,UK,High
B000510,Anvi Goel,UAE,Low
B000511,Oliver Sant,India,High
B000512,Ati Srinivasan,UK,Low
B000513,Lipika Kala,UK,Medium
B000514,Anita Mane,UAE,High
B000515,Gautami Mody,India,Medium
B000516,Raghav Aggarwal,India,High
B000517,Abhiram Andra,UAE,Low
B000518,Nathan Jani,Singapore,Medium
B000519,Harshil Sem,UK,Medium
B000520,Chatura Ramachandran,USA,High
B000521,Rajata Rao,UAE,High
B000522,Vrishti Dada,USA,Low
B000523,Frederick Lall,Singapore,Low
B000524,Ikbal Sundaram,UAE,Medium
B000525,Aayush Walia,UK,Low
B000526,Aarnav Arya,UK,Low
B000527,Watika Pillai,Singapore,High
B000528,Omaja Merchant,Singapore,Low
B000529,Nidra Bobal,UAE,Medium
B000530,Ayush Bhargava,USA,High
B000531,Ati Bir,India,High
B000532,Jack Chadha,UK,Medium
B000533,Hitesh Pau,UAE,High
B000534,Yagnesh Sood,India,Medium
B000535,Anya Rajagopalan,UAE,Medium
B000536,Tanish Pai,USA,Medium
B000537,Ekansh Chander,UK,High
B000538,Aditya Issac,Singapore,Low
B000539,Wazir Khanna,UK,Low
B000540,Fariq Mody,USA,High
B000541,Shivani Sachdeva,USA,High
B000542,Vivaan Halder,India,Low
B000543,David Kapur,Singapore,High
B000544,Bachittar Kata,Singapore,Medium
B000545,Abdul Gaba,USA,Low
B000546,Anjali Narain,UAE,Medium
B000547,Kashvi Bandi,UK,Medium
B000548,Gayathri Dixit,Singapore,Medium
B000549,Anirudh Wason,Singapore,Medium
B000550,Chatura Dora,India,High
B000551,Vasana Garde,UK,Medium
B000552,Amaira Konda,USA,High
B000553,Vanya Sabharwal,UAE,Medium
B000554,Tripti Grewal,India,Low
B000555,Jai Viswanathan,UK,High
B000556,Tara Bera,India,High
B000557,Zarna Mitra,UK,Medium
B000558,Unnati Kar,USA,High
B000559,Gaurav Pandit,USA,Medium
B000560,Max Grewal,Singapore,Medium
B000561,Pooja Sehgal,USA,Low
B000562,Rajata Dhawan,USA,High
B000563,Alexander Ganguly,USA,High
B000564,Nidhi Kashyap,India,Medium
B000565,Mohammed Gulati,UAE,Low
B000566,Anirudh Tella,USA,Medium
B000567,Anvi Mishra,Singapore,High
B000568,Chanchal Sarma,USA,Low
B000569,Vihaan Balan,India,Medium
B000570,Samesh Srinivasan,Singapore,Low
B000571,Tanay Bawa,India,Low
B000572,Maanav Choudhury,UAE,High
B000573,Nitara Joshi,UK,High
B000574,Diya D’Alia,Singapore,Low
B000575,Xavier Pai,Singapore,Low
B000576,Guneet Som,India,Low
B000577,Jackson Hayre,USA,Medium
B000578,Forum Rajagopalan,Singapore,Medium
B000579,Zaitra Raju,UAE,Low
B000580,Neel Dalal,Singapore,High
B000581,Ekavir Mohanty,India,Medium
B000582,Guneet Nagar,Singapore,Medium
B000583,Jeevika Dayal,Singapore,Medium
B000584,Indali Deo,India,Low
B000585,Reyansh Acharya,India,Low
B000586,Pushti Dave,India,Medium
B000587,Urmi Bawa,UAE,Low
B000588,Rohan Parikh,India,High
B000589,Dhriti Varma,UAE,High
B000590,Niharika Palla,Singapore,Medium
B000591,Darpan Kashyap,India,High
B000592,Devansh Puri,USA,Medium
B000593,Chavvi Jain,Singapore,High
B000594,Ubika Setty,Singapore,Medium
B000595,Ira Halder,UAE,Low
B000596,George Tripathi,India,Medium
B000597,Arya Joshi,India,High
B000598,Vritti Gandhi,UAE,Low
B000599,Hemal Garde,Singapore,High
B000600,Krishna Choudhary,India,Medium
B000601,Tristan Salvi,UAE,High
B000602,Dalbir Chokshi,UAE,Medium
B000603,Daksha Gola,India,High
B000604,Benjamin Kar,UAE,High
B000605,Krisha Sankaran,India,Low
B000606,Radha Bose,India,Low
B000607,Rachita Balay,UAE,High
B000608,Harrison Verma,USA,Low
B000609,Ridhi Rau,UAE,Medium
B000610,Kashvi Balasubramanian,UK,Low
B000611,Adya Barad,India,Low
B000612,Chandran More,UAE,Low
B000613,Inaya Shenoy,USA,Low
B000614,Leena Pal,UAE,Medium
B000615,Unnati Hayre,India,Low
B000616,Nisha Samra,India,High
B000617,Xalak Badami,UK,Medium
B000618,Damyanti Kumer,UAE,Low
B000619,Darika Gola,Singapore,High
B000620,Ethan Shan,India,Low
B000621,Waida Ghosh,UK,Low
B000622,Ishwar Ramesh,UAE,Medium
B000623,Leela Mital,UAE,Medium
B000624,Prisha Chada,USA,High
B000625,Upasna Ramanathan,Singapore,High
B000626,Daniel Buch,UK,High
B000627,Neha Krishnamurthy,UK,High
B000628,Onveer Nair,UAE,High
B000629,Oscar Upadhyay,USA,High
B000630,Max Sekhon,India,High
B000631,Deepa Choudhury,India,Low
B000632,Ekantika Trivedi,India,Low
B000633,Rachit Tara,USA,Medium
B000634,Niharika Bhandari,USA,Low
B000635,Amruta Memon,UAE,High
B000636,Jagrati Chada,USA,High
B000637,Faris Goyal,UK,Medium
B000638,Vedant Borde,USA,High
B000639,Waida Ranganathan,UAE,Medium
B000640,Qarin Sarna,India,High
B000641,Gaurav Nanda,UK,Medium
B000642,Akshay Misra,Singapore,High
B000643,Jagrati Pai,USA,Medium
B000644,Daniel Venkatesh,Singapore,Low
B000645,Jagdish Hayre,UK,High
B000646,Ishwar Kapoor,Singapore,High
B000647,Nandini Devan,USA,High
B000648,Balhaar Kaur,USA,Low
B000649,Pavani Sood,UK,High
B000650,Warjas Sarin,USA,High
B000651,Samuel Chander,UK,High
B000652,Yashasvi Karan,UAE,High
B000653,Chatresh Nadig,USA,Medium
B000654,Charan Dyal,USA,Medium
B000655,Garima Rout,Singapore,Medium
B000656,Diya Sagar,India,High
B000657,Chandresh Kapur,USA,Low
B000658,Madhavi Srivastava,UK,Low
B000659,Gaurangi Sama,UAE,Low
B000660,Jonathan Dhingra,UAE,Medium
B000661,Dhruv Golla,India,Medium
B000662,Wazir Salvi,India,Medium
B000663,Harini Kothari,UK,Medium
B000664,Mason Sem,USA,Low
B000665,Agastya Dara,UK,Low
B000666,Sai Dutt,India,Medium
B000667,Hemang Sagar,USA,Medium
B000668,Diya Tak,India,Low
B000669,Wazir Magar,USA,High
B000670,Vivaan Muni,UK,High
B000671,Sachi Zacharia,Singapore,Low
B000672,Neha Reddy,UAE,Medium
B000673,Yashvi Dubey,UAE,Medium
B000674,Mohini Oak,UAE,Medium
B000675,Triya Rattan,UAE,Low
B000676,Naveen Vig,India,Low
B000677,Baghyawati Varghese,UK,Medium
B000678,Vivaan Devan,USA,Medium
B000679,Unni Sane,UAE,High
B000680,Maanas Raman,UAE,Medium
B000681,Mason Ramesh,Singapore,High
B000682,Gopal Tara,USA,Medium
B000683,Sathvik Shah,India,High
B000684,Ekantika Pingle,UAE,High
B000685,Widisha Luthra,USA,High
B000686,Utkarsh Salvi,USA,Low
B000687,Chandani Rai,Singapore,High
B000688,Tristan Chaudhry,UK,Low
B000689,Jagdish Walia,UK,High
B000690,Jacob Vala,USA,High
B000691,Lipika Oza,UAE,Medium
B000692,Varenya Mani,Singapore,Low
B000693,Parth Sathe,Singapore,Medium
B000694,Dev Manda,Singapore,High
B000695,Chandran Chad,UK,Medium
B000696,Yatin Deep,Singapore,High
B000697,Inaya Ahuja,USA,Medium
B000698,Umang Gill,India,Medium
B000699,Anamika Menon,Singapore,Medium
B000700,Leela Bhardwaj,India,High
B000701,Yashica Yohannan,India,Low
B000702,Tanvi Mishra,USA,Low
B000703,Rishi Mannan,USA,High
B000704,Isaiah Vasa,India,Low
B000705,Hritik Soni,UK,High
B000706,Abeer Choudhary,Singapore,Low
B000707,Yashvi Tailor,Singapore,High
B000708,Anvi Pall,UAE,High
B000709,Nathan Parekh,USA,Medium
B000710,Sudiksha Dhillon,Singapore,High
B000711,Vincent Bumb,UAE,High
B000712,Ekaja Savant,India,Medium
B000713,Arjun Chaudhry,India,High
B000714,Sai Bhatia,USA,High
B000715,Agastya Sawhney,India,High
B000716,Yashasvi Ahuja,Singapore,High
B000717,Advaith Saraf,UAE,High
B000718,Lucky Pradhan,UK,Low
B000719,Owen Khanna,UAE,High
B000720,Anjali Tata,UAE,Low
B000721,Samarth Chatterjee,UAE,Medium
B000722,Lajita Kar,USA,High
B000723,Netra Lalla,UAE,Low
B000724,Alka Sangha,USA,Low
B000725,Sara Manda,UK,Low
B000726,Vasatika Gulati,UAE,Medium
B000727,Adweta Kibe,India,Medium
B000728,Maanas Wadhwa,Singapore,Medium
B000729,Harshil Chopra,USA,Medium
B000730,Fiyaz Mann,India,Medium
B000731,Netra Kamdar,USA,High
B000732,Idika Krish,India,Medium
B000733,Pallavi Deo,UK,Medium
B000734,Rajeshri Master,UK,Medium
B000735,Naveen Sangha,USA,Low
B000736,Ayush Hegde,UAE,Medium
B000737,Hemangini Chandran,USA,Medium
B000738,Januja Borra,UAE,Low
B000739,Noah Ranganathan,Singapore,High
B000740,Pranav Halder,Singapore,Low
B000741,Om Kalita,UK,Low
B000742,Vrinda Sampath,UAE,Medium
B000743,Aarini Patil,UK,Medium
B000744,Dipta Parekh,UK,Low
B000745,Eshana Raj,India,Medium
B000746,Nicholas Luthra,USA,Medium
B000747,Charan Nadkarni,UK,Low
B000748,Lakshmi Vaidya,India,Medium
B000749,Tejas Datta,Singapore,Low
B000750,Yashasvi Shetty,India,High
B000751,Isha Chaudhari,UAE,Low
B000752,Lohit Garde,Singapore,Low
B000753,Yoshita Mammen,Singapore,Low
B000754,Vidhi Kata,USA,High
B000755,Tristan Sundaram,UK,Low
B000756,Arin Samra,Singapore,Medium
B000757,Oscar Bhasin,UK,Medium
B000758,Shravya Chandra,UK,Medium
B000759,Tanish Mohanty,USA,High
B000760,Vaishnavi Tailor,UK,Low
B000761,Ojasvi Bahl,Singapore,High
B000762,Madhav Sidhu,Singapore,Low
B000763,Dalbir Bains,USA,Medium
B000764,Lajita Nayar,Singapore,Low
B000765,Rayaan Ghosh,UK,High
B000766,Netra Brahmbhatt,USA,Low
B000767,Dayita Nori,USA,Medium
B000768,Jacob Jain,India,Low
B000769,Robert Hans,Singapore,Medium
B000770,Jai Shukla,UK,Low
B000771,Krish Randhawa,USA,High
B000772,Kai Chaudhary,USA,Medium
B000773,Garima Kalla,UK,Low
B000774,Saanvi Raju,Singapore,Medium
B000775,Adweta Andra,UAE,Medium
B000776,Raagini Kant,USA,Medium
B000777,Nimrat Murthy,Singapore,High
B000778,Suhani Sama,Singapore,Low
B000779,Yashasvi Desai,India,Low
B000780,Warjas Chana,India,Low
B000781,Darpan Menon,USA,Medium
B000782,Bimala Vyas,UAE,Low
B000783,Guneet Mukhopadhyay,USA,Low
B000784,Amol Narayan,UK,Medium
B000785,Tamanna Gandhi,UAE,High
B000786,Robert Chawla,India,Medium
B000787,Shivansh Varghese,Singapore,Medium
B000788,Jhalak Rao,UK,Medium
B000789,Ria Sharma,India,Medium
B000790,Utkarsh Sarkar,USA,High
B000791,Balendra Setty,USA,High
B000792,Damyanti Sur,UAE,Low
B000793,Gautami Khatri,USA,Medium
B000794,Mugdha Srivastava,India,Medium
B000795,Unnati Kamdar,USA,High
B000796,Mugdha Venkatesh,Singapore,Low
B000797,Jai Ratti,Singapore,High
B000798,Damini Merchant,India,High
B000799,Xalak Muni,UAE,High
B000800,Dalaja Upadhyay,USA,Low
B000801,Qadim Vyas,UAE,High
B000802,Amaira Ramachandran,USA,Low
B000803,Ishani Bala,India,Low
B000804,Gaurav Pradhan,Singapore,Low
B000805,Krisha Tandon,UK,Low
B000806,Triveni Narula,USA,Medium
B000807,Dayamai Bajaj,India,High
B000808,Shivansh Gera,USA,Low
B000809,Krishna Bassi,India,Medium
B000810,Urishilla Das,Singapore,High
B000811,Ansh Baral,UK,High
B000812,Upasna Saxena,USA,Low
B000813,Veda Johal,UK,Medium
B000814,Chaaya Salvi,Singapore,Low
B000815,Naveen Cheema,UAE,Medium
B000816,Garima Kamdar,India,Medium
B000817,Dipta Bail,India,Medium
B000818,Madhavi Mangal,UK,Medium
B000819,Vansha Misra,UK,High
B000820,Harsh Shetty,Singapore,Low
B000821,Isaac Uppal,UK,Low
B000822,Jagrati Sankar,USA,Low
B000823,Chatura Pillai,India,Low
B000824,Nachiket Kala,UK,Low
B000825,Janya Agrawal,UK,Medium
B000826,Oviya Raval,UK,High
B000827,Diya Saxena,India,Medium
B000828,Bahadurjit Choudhary,USA,Medium
B000829,Hitesh Mukhopadhyay,Singapore,Medium
B000830,Janaki Bahri,UK,Medium
B000831,Anita Koshy,India,Low
B000832,Sanaya Kale,India,High
B000833,Lopa De,UAE,Low
B000834,Qabil Oak,UK,Medium
B000835,Chandresh Naidu,UK,High
B000836,Gavin Magar,UAE,High
B000837,Yatan Balay,UAE,Medium
B000838,Chaitaly Bhatnagar,USA,High
B000839,Zayan Chakrabarti,UK,Low
B000840,Januja Bhavsar,UAE,Medium
B000841,Amol Bassi,India,Low
B000842,Vasana Char,USA,High
B000843,Vedika Balay,UAE,Low
B000844,Aachal Sandhu,India,High
B000845,Tanay Sarma,USA,Low
B000846,Ayush Sheth,Singapore,Low
B000847,Aadhya Gole,India,High
B000848,Vyanjana Kaul,UAE,Medium
B000849,Dayamai Kumar,UK,High
B000850,Zayan Dey,Singapore,Low
B000851,Jatin Lall,UAE,High
B000852,Adya Chhabra,USA,Low
B000853,Bahadurjit Soni,USA,Low
B000854,Gopal Palla,Singapore,High
B000855,Aryan Sehgal,UK,High
B000856,Yadavi Varma,UK,Medium
B000857,Eta Basak,Singapore,High
B000858,Urvashi Varughese,India,Medium
B000859,Vedhika Raju,India,Medium
B000860,Irya Shukla,Singapore,High
B000861,Jeremiah Kapadia,UAE,Low
B000862,Wazir Tank,USA,High
B000863,Manbir Gokhale,UK,High
B000864,Anay Ramesh,USA,Medium
B000865,Akshay Dara,India,High
B000866,Kalpit Talwar,India,High
B000867,Raagini Chanda,USA,High
B000868,Tanmayi Butala,Singapore,Medium
B000869,Guneet Mander,UAE,High
B000870,Oviya Agarwal,India,Low
B000871,Warinder Bahri,Singapore,High
B000872,Vanya Goda,Singapore,High
B000873,Hema Kannan,Singapore,Medium
B000874,Zilmil Ganesan,UAE,Medium
B000875,Ojas Reddy,USA,Low
B000876,Anay Pradhan,India,Low
B000877,Gagan Deshmukh,UAE,Low
B000878,Harshil Sule,UAE,High
B000879,Sudiksha Subramaniam,India,High
B000880,Reyansh Choudhry,Singapore,High
B000881,Balendra Tripathi,UAE,Medium
B000882,Timothy Garg,UK,Low
B000883,Zayyan Parmar,UK,High
B000884,Ikshita Menon,UK,High
B000885,Kamala Suresh,India,Low
B000886,Falguni Pai,USA,Low
B000887,Jhalak Kota,UAE,Low
B000888,Qarin Purohit,UK,Low
B000889,Utkarsh Patel,USA,Medium
B000890,Turvi Bassi,USA,Medium
B000891,Nidhi Mutti,India,High
B000892,Anthony Dube,USA,Low
B000893,Michael Bhatt,UAE,Low
B000894,Vedika Lad,India,High
B000895,Anmol Jayaraman,UK,High
B000896,Kiaan Mangat,UAE,Medium
B000897,Yash Ganesh,UK,Low
B000898,George Chaudhry,UAE,Medium
B000899,Xiti Suri,USA,Medium
B000900,Samarth Krishnan,UAE,Medium
B000901,Zaid Bhagat,UK,Low
B000902,Oeshi Pradhan,India,Medium
B000903,Diya Dhingra,USA,High
B000904,Ojasvi Hari,UK,Low
B000905,Abeer Aurora,UK,Low
B000906,Gaurang Sen,UAE,High
B000907,Arunima Kohli,UAE,Low
B000908,Noah Bala,Singapore,High
B000909,Hemal Bhargava,UK,High
B000910,Vasana Iyer,UAE,High
B000911,Yoshita Karan,USA,Medium
B000912,Harsh Goyal,USA,Medium
B000913,Dipta Kumer,UK,Low
B000914,Nitesh Brar,UAE,High
B000915,Rohan Kale,Singapore,Low
B000916,Dalbir De,Singapore,Low
B000917,Urmi Viswanathan,Singapore,Medium
B000918,Lila Nigam,USA,Medium
B000919,Rachita Bhattacharyya,India,Medium
B000920,Teerth Bhasin,USA,Medium
B000921,Meghana Chaudry,USA,Low
B000922,Damyanti Yohannan,USA,High
B000923,Vivaan Sethi,Singapore,High
B000924,Yagnesh Palan,USA,High
B000925,Ira Sagar,UK,Low
B000926,Ekiya Sahota,UK,Low
B000927,Chaaya Aggarwal,USA,Medium
B000928,Rachita Rege,UAE,Low
B000929,Nilima Kale,India,Low
B000930,Krisha Sood,India,Medium
B000931,Isaac Kapur,USA,Medium
B000932,Wahab Sagar,Singapore,Low
B000933,Harini Bhatt,UAE,Low
B000934,Manthan Kanda,India,High
B000935,Yashvi Sridhar,India,Medium
B000936,Joshua Memon,Singapore,Low
B000937,Timothy Chada,India,Low
B000938,Triya Pandit,India,Low
B000939,Lopa Khosla,USA,Low
B000940,Aarna Brahmbhatt,UK,Low
B000941,Ishita Wason,UAE,Low
B000942,Vasatika Devan,India,Low
B000943,Urmi Rege,UAE,High
B000944,Daksh Kar,UK,High
B000945,Bhanumati Baria,India,Low
B000946,Meera Vora,USA,Medium
B000947,Fitan Mani,UAE,Medium
B000948,Amara Narula,USA,Medium
B000949,Ranveer Bandi,UK,Medium
B000950,Lavanya Bhavsar,USA,Low
B000951,Aryan Samra,India,High
B000952,Varsha Rajagopal,UK,High
B000953,Anthony Gola,UAE,Low
B000954,Girik Bhatt,India,Low
B000955,Gaurika Mannan,India,High
B000956,Kamya Chand,UK,Low
B000957,Luke Batta,UAE,Medium
B000958,Vasudha Savant,USA,Low
B000959,Sanaya Venkatesh,USA,Low
B000960,Sathvik Maharaj,USA,Medium
B000961,Zehaan Balasubramanian,Singapore,Low
B000962,Ekansh Chaudhry,UK,High
B000963,Qushi Viswanathan,UK,Low
B000964,Praneel Ramachandran,Singapore,High
B000965,Bimala Bhat,India,Medium
B000966,Sachi Vora,USA,Low
B000967,Owen Raghavan,USA,Low
B000968,Anmol Palan,UK,Medium
B000969,Yadavi Doshi,India,High
B000970,Matthew Solanki,UK,Low
B000971,Ekaja Soman,UK,Low
B000972,Azaan Bhalla,India,High
B000973,Ranbir Kapoor,USA,Low
B000974,Ganga Saraf,Singapore,High
B000975,Nihal Narayan,UK,High
B000976,Bhavini Mistry,USA,High
B000977,Raghav Atwal,Singapore,Low
B000978,Amara Gokhale,UK,High
B000979,Omaja Kalla,UK,Medium
B000980,Ekansh Bakshi,India,Medium
B000981,Lucky Dugar,Singapore,High
B000982,Udarsh Sem,UK,Medium
B000983,Aayush Deol,India,Low
B000984,Lakshit Krish,USA,High
B000985,Viraj Dugar,USA,Medium
B000986,Vaishnavi Chadha,USA,Medium
B000987,Harshil Hans,Singapore,High
B000988,Siddharth Kanda,Singapore,Low
B000989,Ansh Jani,India,High
B000990,Siya Borde,Singapore,High
B000991,Odika Manne,UK,Low
B000992,Ekantika Tak,India,Medium
B000993,Anay Garg,USA,Low
B000994,Kiaan Mitter,Singapore,Medium
B000995,Lakshit Bains,UK,Medium
B000996,Netra Chadha,Singapore,Medium
B000997,Chameli Deo,Singapore,High
B000998,Tamanna Wali,UK,Low
B000999,Udyati Gokhale,USA,Medium
B001000,Upma Ganguly,Singapore,High
B001001,Victor Rai,Singapore,High
B001002,Banjeet Narayan,UAE,Medium
B001003,Saanvi Jain,UAE,High
B001004,Logan Bajwa,USA,Medium
B001005,Nachiket Gulati,India,High
B001006,Devika Sandhu,Singapore,High
B001007,Mahika Sundaram,UAE,High
B001008,Dominic Narang,USA,High
B001009,Wazir Biswas,India,Low
B001010,Aadhya Swaminathan,UK,Low
B001011,Omya Khalsa,USA,Low
B001012,Kritika Palla,UK,High
B001013,Lakshmi Manne,Singapore,Low
B001014,Zansi Dar,India,Low
B001015,Samesh Bhat,UK,Medium
B001016,Daniel Deo,USA,Medium
B001017,Vincent Devi,Singapore,Low
B001018,Jeremiah Chopra,UAE,Medium
B001019,Devika Madan,USA,Low
B001020,Charles Dara,USA,Low
B001021,Wazir Dey,USA,Low
B001022,Abeer Doshi,USA,Medium
B001023,Samuel Sridhar,India,High
B001024,Balendra Cheema,Singapore,Medium
B001025,Udant Bir,India,High
B001026,Nathaniel Srinivas,India,High
B001027,Darpan Srinivasan,UAE,Low
B001028,Anita Chaudhari,Singapore,High
B001029,Pratyush Narayanan,USA,Low
B001030,Sai Bora,USA,Medium
B001031,Urmi Savant,USA,Low
B001032,Zaitra Cheema,USA,Low
B001033,Bhavika Nadkarni,India,High
B001034,Farhan Ray,Singapore,Low
B001035,Turvi Nayak,USA,Medium
B001036,Xavier Krishnan,USA,High
B001037,Ansh Arora,UAE,High
B001038,Kavya Pillai,UK,Medium
B001039,Oliver Devan,Singapore,High
B001040,Januja Subramaniam,UK,Medium
B001041,Neha Randhawa,India,Medium
B001042,Rishi Sane,India,Low
B001043,Leela Rai,India,High
B001044,Sai Dhaliwal,India,High
B001045,Chaitanya Raval,USA,High
B001046,Jai Borde,USA,Low
B001047,Bhavani Gulati,Singapore,Medium
B001048,Balvan Gopal,Singapore,High
B001049,Siddharth Gara,UK,High
B001050,Widisha Ranganathan,UAE,Medium
B001051,Jatin Buch,USA,Medium
B001052,Yug Parsa,USA,Medium
B001053,Meghana Solanki,India,High
B001054,Yatin Pandit,Singapore,Low
B001055,Nihal Sama,USA,Medium
B001056,Imaran Pillay,UAE,Low
B001057,Gautami Reddy,USA,Medium
B001058,Samuel Sidhu,USA,High
B001059,Gaurangi Soman,UAE,High
B001060,Indali Barman,India,High
B001061,Mason Thaker,Singapore,Medium
B001062,Harini Dhar,UK,High
B001063,Anita Parekh,Singapore,Medium
B001064,Irya Bhargava,USA,Low
B001065,Vaishnavi Wason,UK,High
B001066,Warinder Hegde,Singapore,Low
B001067,Janaki Dugar,UK,Low
B001068,Avni Sekhon,India,Low
B001069,Jatin Bhardwaj,UK,High
B001070,Sudiksha Bhardwaj,UK,Low
B001071,Yasti Subramanian,USA,Medium
B001072,Edhitha Gaba,USA,High
B001073,Bhavika Lad,India,Low
B001074,Michael Sahota,USA,High
B001075,Hemang Bansal,India,Medium
B001076,Manan Grover,USA,High
B001077,Triya Barad,USA,High
B001078,Frederick Butala,India,Low
B001079,Isaac Kale,UK,Low
B001080,Chandani Kannan,UAE,High
B001081,Ayush Bahri,India,High
B001082,Nakul Dutta,Singapore,Low
B001083,Wyatt Dhillon,India,Medium
B001084,Mitali Randhawa,India,Medium
B001085,Ati Rajagopalan,India,Medium
B001086,Yashodhara Aurora,UK,Medium
B001087,Balveer Kala,UAE,Low
B001088,Amaira Savant,UK,Medium
B001089,Anmol Dayal,UK,Low
B001090,Ishani Seth,India,Medium
B001091,Udarsh Sur,Singapore,High
B001092,Amol Kalita,UAE,Low
B001093,Aradhana Randhawa,UAE,Low
B001094,Anika Babu,India,High
B001095,Anjali Yadav,Singapore,Medium
B001096,Aachal Nair,UAE,Low
B001097,Sanaya Agrawal,UK,Low
B001098,Peter De,USA,High
B001099,Aarush Arya,Singapore,Low
B001100,Sanya Rai,India,High
B001101,Samarth Srivastava,USA,Low
B001102,Raksha Shenoy,USA,High
B001103,Alexander Ramaswamy,USA,High
B001104,Aahana Agrawal,UAE,High
B001105,Harinakshi Pandit,UAE,High
B001106,Chaitaly Padmanabhan,UAE,Medium
B001107,Vivaan Chauhan,Singapore,Low
B001108,Shaurya Deshpande,UK,Medium
B001109,Damyanti Dhaliwal,UK,High
B001110,Damini Agrawal,Singapore,Low
B001111,Raghav Khanna,Singapore,Low
B001112,Yatan Kalla,USA,High
B001113,Lajita Goel,UAE,Low
B001114,Anthony Sampath,USA,High
B001115,Yadavi Sama,Singapore,Low
B001116,Omya Viswanathan,India,Low
B001117,Om Nadkarni,UK,High
B001118,Gagan Mitter,India,Medium
B001119,Ekaraj Mukhopadhyay,India,Medium
B001120,Viraj Verma,UK,Low
B001121,Tanveer Raja,UK,Low
B001122,Irya Biswas,India,Medium
B001123,Janani Sachdeva,UAE,Medium
B001124,Jasmit Kade,UK,Low
B001125,Bishakha Nigam,India,Low
B001126,David Mallick,Singapore,Medium
B001127,Chaitanya Sangha,Singapore,Medium
B001128,Bina Parsa,Singapore,High
B001129,Ekta Dua,USA,Low
B001130,Aadi Shah,UAE,Medium
B001131,Onveer Mani,India,Medium
B001132,Udant Lad,UK,Medium
B001133,Chakradhar Sankaran,Singapore,High
B001134,Henry Ravel,USA,Medium
B001135,Vedika Kadakia,UK,High
B001136,Xiti Sami,UAE,Medium
B001137,Aishani Sridhar,UK,Low
B001138,Simon Mahal,Singapore,High
B001139,Pahal Parmer,Singapore,Medium
B001140,Gunbir Bumb,India,High
B001141,Nachiket Kunda,India,High
B001142,Henry Patil,USA,High
B001143,Aarush Singh,UAE,Low
B001144,Upadhriti Murthy,USA,Low
B001145,Yasti Thakur,UK,Medium
B001146,Hemangini Saini,USA,High
B001147,Omkaar Bhargava,Singapore,Low
B001148,Gagan Koshy,USA,Medium
B001149,Samar Arya,Singapore,High
B001150,Hritik Narain,India,Medium
B001151,Vansha Dhaliwal,Singapore,Medium
B001152,Jatin Barad,UAE,Medium
B001153,Fitan Dua,India,Low
B001154,Samar Munshi,USA,High
B001155,Chatura Shah,India,Medium
B001156,Suhani Dhillon,Singapore,Low
B001157,Hemal Prasad,Singapore,Medium
B001158,Daniel Cherian,India,Medium
B001159,Onveer Amble,UK,High
B001160,Eta Sridhar,Singapore,Low
B001161,Bahadurjit Nadig,Singapore,Low
B001162,Ijaya Singh,UK,Medium
B001163,Pooja Gour,India,High
B001164,Wriddhish Dugar,USA,Medium
B001165,Avni Gaba,USA,High
B001166,Yamini Venkataraman,USA,Medium
B001167,Radhika Contractor,UAE,Low
B001168,Netra Nagi,UAE,Medium
B001169,Fiyaz Guha,India,Medium
B001170,Priya Sachar,Singapore,Medium
B001171,Saanvi Nagi,USA,Low
B001172,Abeer Jha,USA,Low
B001173,Chandani Chawla,Singapore,Medium
B001174,Hema Shukla,UK,High
B001175,Kashvi Prabhu,USA,Low
B001176,Irya Nadig,USA,Low
B001177,Pratyush Chatterjee,UK,Medium
B001178,Warhi Swamy,India,Medium
B001179,Neel Madan,Singapore,Medium
B001180,Osha Dey,UAE,Low
B001181,Yutika Goel,UK,Low
B001182,Ubika Rai,India,Low
B001183,Avi Som,Singapore,Medium
B001184,Matthew Chaudhary,UK,Low
B001185,Udant Gupta,USA,Medium
B001186,Sathvik Chatterjee,Singapore,Medium
B001187,Ekaraj Patil,Singapore,High
B001188,Farhan Aggarwal,USA,High
B001189,Kevin Wadhwa,Singapore,Medium
B001190,Amaira Dugar,UAE,Medium
B001191,Gabriel Sawhney,India,High
B001192,Jatin Murty,UAE,Low
B001193,Atharv Rau,India,High
B001194,Niharika Johal,UAE,High
B001195,Chakradhar Rattan,USA,Medium
B001196,Gaurang Mukhopadhyay,UK,Low
B001197,Zilmil Cheema,USA,Medium
B001198,Manya Bhatia,USA,Medium
B001199,Osha Gaba,UK,Low
B001200,Finn Mangat,Singapore,Medium
B001201,Arunima Rattan,UAE,High
B001202,Chameli Agarwal,India,Medium
B001203,Gopal Chhabra,USA,High
B001204,Mugdha Bhatt,Singapore,High
B001205,Gunbir Tiwari,UAE,Low
B001206,Gagan Varty,India,Low
B001207,Manan Doshi,USA,Medium
B001208,Jalsa Rout,UAE,Low
B001209,Laksh Balan,UAE,Medium
B001210,Jasmit Chandra,USA,Medium
B001211,Chatresh Dada,USA,Low
B001212,Saksham Srivastava,UAE,Low
B001213,Pranav Peri,UK,Medium
B001214,Ranveer Zacharia,India,Medium
B001215,Neelima Ghose,UK,High
B001216,Zinal Deol,India,High
B001217,Ansh Bhattacharyya,Singapore,High
B001218,Elijah Karnik,Singapore,Medium
B001219,Widisha Mahajan,Singapore,Medium
B001220,Hamsini Verma,UK,High
B001221,Maanas Yogi,Singapore,High
B001222,Maanav Bir,UK,Low
B001223,Ladli Dass,USA,Medium
B001224,Rajata Mann,Singapore,Medium
B001225,Vasatika Thaker,USA,High
B001226,Vasudha Kothari,UAE,Low
B001227,Yashica Jhaveri,UAE,Medium
B001228,Yadavi Goda,Singapore,Medium
B001229,Samuel Loke,Singapore,High
B001230,Chameli Mani,UK,High
B001231,Fiyaz Dara,UAE,Low
B001232,Abeer Sarna,India,Low
B001233,Aditya Saha,India,High
B001234,Qasim Kari,India,High
B001235,Manthan Seth,Singapore,Low
B001236,Guneet Manne,Singapore,High
B001237,Widisha Bassi,UAE,High
B001238,Pratyush Chandran,India,High
B001239,Aachal Dixit,Singapore,High
B001240,Jalsa Mannan,UAE,Low
B001241,Sachi Sandal,UK,Medium
B001242,Zayyan Grewal,USA,Low
B001243,Xalak Tara,Singapore,High
B001244,Madhavi Korpal,Singapore,Low
B001245,Bachittar Korpal,USA,Medium
B001246,Umang Shanker,India,Medium
B001247,Oscar Sridhar,Singapore,Medium
B001248,Omaja Saxena,Singapore,Low
B001249,Jyoti Apte,UK,Low
B001250,Timothy Subramaniam,UAE,Medium
B001251,Aadhya Sahota,UK,High
B001252,Dalaja Kalita,UK,Medium
B001253,Tanveer Mahajan,Singapore,High
B001254,Vyanjana Chander,USA,Low
B001255,Eta Sangha,Singapore,Low
B001256,Vrishti Pall,India,Low
B001257,Finn Shah,USA,Medium
B001258,Ishaan Nanda,UAE,High
B001259,Keya Kapoor,UAE,Medium
B001260,Bhavna Ganguly,UK,Low
B001261,Harrison Chawla,UAE,Medium
B001262,Urishilla Wadhwa,USA,High
B001263,Sachi Rattan,Singapore,Low
B001264,Damini Master,UAE,High
B001265,Mahika Badami,Singapore,Low
B001266,Hamsini Kota,UAE,Medium
B001267,Amaira Gill,USA,High
B001268,Urvashi Narain,Singapore,High
B001269,Udarsh Sampath,USA,Medium
B001270,Dhriti Prakash,UK,High
B001271,Faraj Sama,USA,Medium
B001272,Maanav Brar,USA,Low
B001273,Ishani Barman,USA,High
B001274,Shivani Dewan,India,High
B001275,Sai Chopra,UAE,Medium
B001276,Vedhika Borde,UK,High
B001277,George Mall,USA,Medium
B001278,Tamanna Kara,USA,Low
B001279,Waida Srivastava,India,Low
B001280,Meera Dube,Singapore,Low
B001281,Isha Singhal,UAE,Low
B001282,Girik Iyengar,India,High
B001283,Siya Tata,UAE,Low
B001284,Caleb Naik,UAE,Medium
B001285,Imaran Walla,India,High
B001286,Rachit Mukhopadhyay,USA,Medium
B001287,Unnati Atwal,UK,Low
B001288,Zinal Mital,USA,High
B001289,Kashish Dora,USA,Medium
B001290,Ekta Prabhakar,USA,High
B001291,Vasatika Chanda,USA,High
B001292,Quincy Salvi,Singapore,Medium
B001293,Hitesh Thaman,India,Medium
B001294,Anjali Kothari,India,Low
B001295,Manya Kata,India,High
B001296,Kiaan Mutti,UAE,Low
B001297,Kamya Koshy,India,Medium
B001298,Anvi Parmer,UAE,Low
B001299,Chaman Bajaj,India,Low
B001300,Veer Sem,UK,Medium
B001301,Netra Lata,USA,Low
B001302,Yatin Mander,India,Medium
B001303,Ayushman Radhakrishnan,UK,Low
B001304,Nitesh Kuruvilla,Singapore,Low
B001305,Samar Gaba,Singapore,Low
B001306,Darika Saraf,Singapore,Low
B001307,Meghana Lalla,Singapore,High
B001308,Wriddhish Palla,India,Low
B001309,Elijah Bora,Singapore,Medium
B001310,Rayaan Chahal,UK,High
B001311,Unni Pradhan,Singapore,Low
B001312,Upasna Amble,USA,Medium
B001313,Ekiya Balakrishnan,India,Low
B001314,Anusha Lanka,UAE,High
B001315,Daksha Hans,UAE,Low
B001316,Charan Goda,India,Medium
B001317,Chatura Raman,UK,Medium
B001318,Indrajit Apte,UAE,High
B001319,Omisha Baral,UAE,Low
B001320,Vrishti Shankar,USA,High
B001321,Ishanvi Parikh,UK,Low
B001322,Barkha Palan,USA,High
B001323,Om Barad,India,High
B001324,Garima More,India,High
B001325,Bhavini Mishra,UAE,Low
B001326,Mohammed Comar,USA,Medium
B001327,Mohini Johal,India,Low
B001328,Unni Tak,India,Medium
B001329,George Mani,USA,Low
B001330,Qadim Mand,India,High
B001331,Aahana Raman,USA,Medium
B001332,Tanvi Dora,UK,Medium
B001333,Ansh Chowdhury,USA,Low
B001334,Ronith Upadhyay,UK,High
B001335,Riya Barad,UAE,High
B001336,Peter Bansal,UK,Medium
B001337,Ati Savant,Singapore,Medium
B001338,Ekapad Dugar,UAE,Medium
B001339,Yashoda Varghese,USA,Medium
B001340,Vanya Sethi,USA,Low
B001341,Harinakshi Nigam,UK,Medium
B001342,Kabir Talwar,India,High
B001343,Baghyawati Nagi,UAE,Medium
B001344,Elijah Wason,USA,Low
B001345,Shivansh Gour,Singapore,Medium
B001346,Lakshmi Hari,Singapore,Medium
B001347,Adya Bala,UAE,High
B001348,Joshua Ben,UK,Medium
B001349,Bimala Bal,UAE,Low
B001350,Reva Bala,UAE,Medium
B001351,Nachiket Khare,Singapore,Low
B001352,Samesh Bhavsar,UAE,Medium
B001353,Jagvi Keer,UK,High
B001354,Manya Setty,India,Medium
B001355,Gaurav Rajan,USA,Low
B001356,Laban Mukhopadhyay,UAE,Medium
B001357,Falguni Sem,UAE,Medium
B001358,Charan Bhatti,UK,High
B001359,Isha Banik,UAE,Medium
B001360,Gautam Khatri,Singapore,Low
B001361,Triya Hans,India,Low
B001362,Yatan Randhawa,UK,Medium
B001363,Oni Jayaraman,USA,Medium
B001364,Inaya Bail,USA,Low
B001365,Samaksh Magar,USA,High
B001366,Krishna Gaba,UK,Medium
B001367,Neelima Chakraborty,USA,Medium
B001368,Ati Dewan,India,Low
B001369,Januja Soni,UK,High
B001370,Ojasvi Dass,India,High
B001371,Nikita Sachar,UK,Low
B001372,Luke Sami,Singapore,High
B001373,Matthew Boase,UK,Low
B001374,Lila Kohli,UAE,Low
B001375,Girindra Jha,Singapore,Medium
B001376,Samuel Mane,UAE,Low
B001377,Ganga Brar,UAE,Low
B001378,Imaran Banerjee,India,High
B001379,Aarnav Nadkarni,UK,High
B001380,Ijaya Tara,UAE,High
B001381,Jason Sood,India,High
B001382,Vritti Seshadri,Singapore,High
B001383,Upasna Contractor,Singapore,Medium
B001384,Balveer Dutta,UK,Low
B001385,Vivaan Sandal,USA,Low
B001386,Naksh Chaudhari,Singapore,Medium
B001387,Imaran Varma,India,Medium
B001388,Oliver Kurian,Singapore,Low
B001389,Sara Uppal,India,Medium
B001390,Raksha Subramaniam,USA,High
B001391,Zayyan Bora,UK,High
B001392,Parth Choudhury,Singapore,Low
B001393,Patrick Ahuja,UAE,Low
B001394,Kashvi Sankar,UK,Low
B001395,Ladli Chaudry,UAE,Low
B001396,Abha Jhaveri,Singapore,Medium
B001397,Vedhika Saxena,USA,Medium
B001398,Bimala Mukhopadhyay,India,High
B001399,Arjun Sood,UAE,Low
B001400,Wridesh Prabhakar,UK,High
B001401,Janani Ratta,India,Low
B001402,Kalpit Dash,Singapore,Low
B001403,Bimala Golla,Singapore,High
B001404,Amruta Luthra,UK,Medium
B001405,Ekaraj Jayaraman,UK,Medium
B001406,Ryan Date,Singapore,Low
B001407,Naksh Deshmukh,UAE,Medium
B001408,Xalak Bava,Singapore,High
B001409,Madhav Mistry,India,Medium
B001410,Bhanumati Sodhi,UK,High
B001411,Simon Chatterjee,Singapore,Medium
B001412,Irya Shukla,India,Medium
B001413,Samaksh Walla,UAE,Low
B001414,Samarth Mukhopadhyay,India,Low
B001415,Varsha Singhal,India,Low
B001416,Darsh Nath,USA,Low
B001417,Ojasvi Apte,UK,High
B001418,Jack Chandran,Singapore,Low
B001419,Lipika Prabhu,USA,Low
B001420,Harrison Sarin,USA,High
B001421,Zinal Agrawal,UK,High
B001422,Urmi Char,India,High
B001423,Pooja Dayal,India,Medium
B001424,Forum Gour,India,Low
B001425,David Dugal,India,Medium
B001426,Abhiram Raman,India,Medium
B001427,Anika Sharma,UK,High
B001428,Kamala Prasad,UAE,Medium
B001429,Gauri Venkataraman,UK,High
B001430,Netra Mangat,USA,Low
B001431,Rachana Thaker,UAE,Medium
B001432,Ikbal Oommen,India,Low
B001433,Tara Puri,UK,Low
B001434,Yagnesh Dayal,UAE,Medium
B001435,Sudiksha Dutta,Singapore,High
B001436,Charan Bora,India,High
B001437,Keya Bose,UAE,Low
B001438,Vedika Borde,UAE,Medium
B001439,Yashica Kale,Singapore,Medium
B001440,Unni Nayak,UK,High
B001441,Gautam Chakrabarti,Singapore,Low
B001442,Anvi Wadhwa,India,Medium
B001443,Advaith Bandi,UK,High
B001444,Zilmil Bali,India,Medium
B001445,Panini Memon,UAE,Low
B001446,Divya Karnik,USA,High
B001447,Zashil Sundaram,India,Low
B001448,Wishi Ganguly,Singapore,Low
B001449,Onveer Kothari,USA,Low
B001450,Jeremiah Sibal,USA,Medium
B001451,Xavier Thakur,Singapore,Low
B001452,Darsh Nagi,Singapore,Low
B001453,Avni Padmanabhan,UK,Low
B001454,Shivani Vohra,UAE,High
B001455,Girindra Raval,UAE,Medium
B001456,Upasna Warrior,UK,High
B001457,Falan Natarajan,Singapore,High
B001458,Yatan Soni,USA,High
B001459,Devansh Dubey,India,Low
B001460,Bhavani Sunder,USA,Medium
B001461,Anika Samra,Singapore,Medium
B001462,Matthew Mannan,UAE,High
B001463,Bhavika Nagi,USA,Medium
B001464,Sanya Singhal,USA,Low
B001465,Vedika Dani,UK,Medium
B001466,Harish Gera,USA,High
B001467,Bhavika Soni,UK,High
B001468,Wazir Mangat,India,Low
B001469,Andrew Brahmbhatt,Singapore,Low
B001470,Veer Mohanty,India,Low
B001471,Libni Nagarajan,India,Medium
B001472,Dakshesh Mody,USA,Medium
B001473,Ekaraj Kala,India,Medium
B001474,Zehaan Banerjee,UAE,Medium
B001475,Varsha Keer,UK,Medium
B001476,Tanveer Rajan,India,High
B001477,Ekantika Butala,India,Medium
B001478,Anusha Parmer,Singapore,Low
B001479,Osha Chauhan,USA,Medium
B001480,Balhaar Gade,UAE,Medium
B001481,Chaaya Kumer,UAE,Medium
B001482,Tanmayi Kibe,India,Medium
B001483,Jacob Minhas,UK,Medium
B001484,Raagini Mannan,India,Low
B001485,Yuvraj Kulkarni,Singapore,High
B001486,Bhavika Vala,Singapore,Low
B001487,Anika Sandhu,UK,Low
B001488,Brinda Nair,Singapore,Low
B001489,Jai Subramanian,UAE,Medium
B001490,Dayita Padmanabhan,UAE,High
B001491,Nimrat Mammen,Singapore,High
B001492,Advik Uppal,Singapore,Low
B001493,Peter Vasa,India,High
B001494,Jalsa Batta,USA,Low
B001495,Warda Hayre,USA,Low
B001496,Atharv Amble,India,Low
B001497,Bakhshi Agate,UAE,Medium
B001498,Bahadurjit Raval,USA,Low
B001499,Yashoda Mistry,UAE,Low
B001500,Wishi Ahluwalia,UK,Low
B001501,Zinal Hari,UAE,High
B001502,Maya Badami,Singapore,Medium
B001503,Ekansh Char,Singapore,Low
B001504,Harsh Balan,USA,High
B001505,Onkar Jani,UK,Medium
B001506,Ridhi Pathak,USA,Low
B001507,Madhav Vyas,USA,Medium
B001508,Alexander Roy,UK,High
B001509,Forum Dyal,UAE,Medium
B001510,Bhanumati Saha,India,Low
B001511,Aishani Bhasin,USA,High
B001512,Teerth Divan,UAE,Medium
B001513,Hitesh Gokhale,UK,High
B001514,Xiti Ray,USA,Low
B001515,Quincy Ahluwalia,UK,High
B001516,Nathan Chaudry,India,Low
B001517,Rachita Subramaniam,USA,Medium
B001518,Neel Vaidya,Singapore,Low
B001519,Abhimanyu Sampath,India,High
B001520,Pushti Dhar,Singapore,Medium
B001521,Bachittar Walia,UK,Low
B001522,Chandani Shroff,USA,Medium
B001523,Hema Dora,India,Low
B001524,Vrinda Gola,India,High
B001525,Tarak Manne,UK,Medium
B001526,Urvi Kara,UAE,Low
B001527,Vinaya Ramakrishnan,Singapore,Low
B001528,Chaaya Viswanathan,Singapore,Low
B001529,Wishi Buch,India,Low
B001530,Udant Srinivasan,UAE,High
B001531,Aahana Ratta,UK,Low
B001532,George Kalla,UAE,High
B001533,Balvan Varughese,USA,Low
B001534,Max Dugar,India,Low
B001535,Dev Ghose,UK,High
B001536,Tanmayi Bhat,UK,Medium
B001537,Jatin Yadav,Singapore,High
B001538,Vaishnavi Golla,UK,High
B001539,Gavin Sheth,UK,High
B001540,Urvi Kar,Singapore,Medium
B001541,Wahab Vohra,UK,Medium
B001542,Wazir Karnik,India,Medium
B001543,Hamsini Bose,UK,High
B001544,Om Suresh,UK,High
B001545,Azaan Subramaniam,UAE,Medium
B001546,Diya Sane,India,Medium
B001547,Xiti Korpal,UAE,High
B001548,Devansh Raja,India,Low
B001549,Alexander Krishna,Singapore,Low
B001550,Falguni Mahajan,USA,Medium
B001551,Jackson Sinha,Singapore,Low
B001552,Abha Nagy,USA,High
B001553,Ekbal Agrawal,Singapore,Medium
B001554,Faras Dhar,USA,High
B001555,Maya Sidhu,India,Low
B001556,Hamsini Nanda,Singapore,High
B001557,Pooja Bhasin,India,Medium
B001558,Oni Menon,UAE,Medium
B001559,Chaman Taneja,UAE,Low
B001560,Simon Badal,UK,High
B001561,Janaki Oommen,UK,Medium
B001562,Yachana Shenoy,Singapore,High
B001563,Yahvi Wason,Singapore,Medium
B001564,Nathaniel Natt,UK,Low
B001565,Ekalinga Naik,India,High
B001566,Oeshi Jayaraman,UAE,High
B001567,Frado Mandal,UK,High
B001568,Matthew Sem,India,Medium
B001569,Yatin Gopal,Singapore,High
B001570,Victor Sarin,UK,Medium
B001571,Gabriel Saini,India,Low
B001572,Om Bhatt,Singapore,High
B001573,Rishi Ramaswamy,USA,Medium
B001574,Gagan Gupta,USA,High
B001575,Priya Mannan,UK,High
B001576,Naveen Anne,UAE,High
B001577,Pushti Rama,USA,Medium
B001578,Nisha Balakrishnan,Singapore,Medium
B001579,Krishna Rai,India,Medium
B001580,Tamanna Thaker,India,Medium
B001581,Wishi Varghese,India,Low
B001582,Vanya Nadkarni,UK,High
B001583,Urvi Rajagopal,India,Low
B001584,Nandini Handa,Singapore,Medium
B001585,Balhaar Badal,India,Medium
B001586,Qasim Choudhary,UK,High
B001587,Hritik Manda,India,Low
B001588,Matthew Sridhar,UK,Low
B001589,Yashica Rajagopal,UK,Medium
B001590,Om Nair,UAE,High
B001591,Tejas Chandra,UAE,Low
B001592,Omkaar Mander,India,High
B001593,Jackson Bhavsar,UK,Low
B001594,Amruta Rau,USA,Medium
B001595,Balendra Sule,UAE,Low
B001596,Lila Mallick,UK,Low
B001597,Jagat Dey,India,Medium
B001598,Turvi Bhatnagar,UK,Low
B001599,Ojasvi Chaudhari,Singapore,Medium
B001600,Urishilla Prashad,Singapore,Low
B001601,Bahadurjit Nori,UK,Medium
B001602,Oeshi Tandon,UAE,Medium
B001603,Dominic Chawla,USA,High
B001604,Radha Nadkarni,Singapore,High
B001605,Bimala Kulkarni,UK,High
B001606,Varsha Bali,USA,High
B001607,Forum Menon,USA,Medium
B001608,Yuvraj Loyal,USA,Medium
B001609,Qadim Sankar,UAE,Low
B001610,Lakshmi Mall,UK,Medium
B001611,Jagrati Gala,India,Medium
B001612,Tristan Kohli,UAE,High
B001613,Xavier Char,Singapore,High
B001614,Chanchal Choudhry,USA,Medium
B001615,Balvan Bava,Singapore,Low
B001616,Rishi Palla,USA,High
B001617,Bhavya Chandra,Singapore,High
B001618,Manan Trivedi,UK,High
B001619,Anita Pant,UK,Medium
B001620,Dalbir Bakshi,UK,Medium
B001621,Zarna Kade,Singapore,Medium
B001622,Ayaan Khare,Singapore,Medium
B001623,Sai Thaman,India,High
B001624,Ekta Varughese,India,Medium
B001625,Damyanti Hora,India,Low
B001626,Ayaan Sama,UAE,Medium
B001627,Odika Khosla,USA,High
B001628,Madhavi Nagi,UAE,Medium
B001629,Advik Saxena,USA,High
B001630,Farhan Viswanathan,UAE,High
B001631,Raagini Handa,UK,Low
B001632,Janaki Vora,Singapore,Low
B001633,Elijah Aurora,Singapore,High
B001634,Sanya Lala,India,Medium
B001635,Fiyaz Tank,UAE,Medium
B001636,Qushi Mander,India,Low
B001637,Chaman Chowdhury,India,Medium
B001638,Rajata Gole,India,Medium
B001639,Amara Savant,UAE,Low
B001640,Qadim Kuruvilla,UK,High
B001641,Damyanti Sankaran,Singapore,High
B001642,Eta Sehgal,UK,Low
B001643,Gaurav Baria,India,High
B001644,Jagrati Viswanathan,UAE,High
B001645,Avni Manne,UAE,High
B001646,Urmi Magar,India,High
B001647,Udarsh Kunda,USA,High
B001648,Zarna Bail,USA,High
B001649,Caleb Hans,Singapore,Low
B001650,Sathvik Wason,USA,High
B001651,Isha Agrawal,USA,Medium
B001652,Rachit Bava,UK,High
B001653,Aradhana Deshmukh,India,Medium
B001654,Ria Chada,UAE,High
B001655,Udarsh Lal,USA,Low
B001656,Janya Prabhakar,India,Low
B001657,Chakradhar Mander,USA,High
B001658,Wahab Arya,India,High
B001659,Yashoda Ravi,India,Low
B001660,Thomas Rajan,USA,Low
B001661,Yashodhara Seth,Singapore,Low
B001662,Kalpit Hayre,UAE,Medium
B001663,Atharv Ramaswamy,Singapore,Low
B001664,Meghana Sagar,India,Medium
B001665,Zansi Devi,Singapore,Medium
B001666,Vanya Balay,USA,Low
B001667,Janya Panchal,UAE,Medium
B001668,Maanas Bains,UAE,High
B001669,Qarin Deshmukh,Singapore,High
B001670,Siya Nadkarni,UAE,Low
B001671,Yashasvi Dada,Singapore,Low
B001672,Yash Chadha,India,Low
B001673,Warinder Seshadri,USA,High
B001674,Faraj Hayer,USA,Low
B001675,Pushti Master,UAE,High
B001676,Darpan Srinivas,UAE,Low
B001677,Yatin Majumdar,Singapore,Medium
B001678,Indira Chakraborty,UK,Medium
B001679,Nidhi Shere,India,High
B001680,Qabil Wadhwa,Singapore,Medium
B001681,Lajita Deep,UK,Medium
B001682,Gaurav Golla,Singapore,High
B001683,Vihaan Pathak,India,Medium
B001684,Mitali Agrawal,Singapore,Medium
B001685,Kala Ramesh,USA,Low
B001686,Saksham Kara,UK,Medium
B001687,Nisha Mohanty,India,High
B001688,Yoshita Sodhi,Singapore,Low
B001689,Qabil Sule,UAE,Medium
B001690,Qabil Rout,India,High
B001691,Ranveer Jayaraman,UAE,Medium
B001692,Kamya Patil,India,Medium
B001693,Lakshmi Nazareth,USA,Medium
B001694,Utkarsh Vig,Singapore,Medium
B001695,Chasmum Mann,India,Low
B001696,Anay Kamdar,UK,High
B001697,Yadavi Dube,UAE,Low
B001698,Yahvi Gokhale,UK,High
B001699,Aradhana Majumdar,UAE,Medium
B001700,Jairaj Parekh,UAE,Low
B001701,Ati Chaudhary,USA,High
B001702,Vasatika Randhawa,USA,Medium
B001703,Aradhana Sawhney,UAE,Medium
B001704,Mohammed Sridhar,Singapore,High
B001705,Karan Korpal,USA,Medium
B001706,Brijesh Rama,UK,Medium
B001707,Sneha Wason,India,High
B001708,Joshua Wali,Singapore,Medium
B001709,Chaitaly Loyal,Singapore,High
B001710,Yasti Bhardwaj,USA,High
B001711,Lopa Palla,UAE,High
B001712,Gautam Chacko,UAE,Medium
B001713,Arjun Narayan,USA,High
B001714,Suhani Loyal,UK,High
B001715,Utkarsh Tailor,UAE,Medium
B001716,Ishwar Magar,UAE,High
B001717,Leena Thakur,Singapore,Low
B001718,Jagrati Narang,India,Low
B001719,Tanay Magar,USA,Low
B001720,Sai Ray,India,High
B001721,Max Master,India,Medium
B001722,Triveni Mohanty,Singapore,Medium
B001723,Aarnav Gokhale,USA,High
B001724,Idika Chopra,USA,Low
B001725,Dayamai Dixit,USA,High
B001726,Hemang Sibal,Singapore,Medium
B001727,Anita Kata,India,Low
B001728,Pranit Pandit,UAE,Medium
B001729,Gaurav Tiwari,India,Low
B001730,Unnati Taneja,India,Medium
B001731,Ranveer Gade,UK,High
B001732,Onkar Choudhry,India,Low
B001733,Dayamai Tak,UK,Low
B001734,Finn Sundaram,Singapore,Medium
B001735,Umang Bhattacharyya,USA,High
B001736,Ridhi Chauhan,UAE,High
B001737,Vasana Kakar,USA,Low
B001738,Omisha Loke,UK,Medium
B001739,Bakhshi Kade,Singapore,High
B001740,Zehaan Rajagopalan,UK,Low
B001741,Ekantika Pandey,USA,High
B001742,Owen Kanda,USA,Medium
B001743,Kashvi Dubey,UAE,Low
B001744,Chakrika Buch,India,High
B001745,Abhimanyu Pandey,India,High
B001746,Pooja Dutt,India,Low
B001747,Lekha Dugar,India,Low
B001748,Zaid Grewal,India,Medium
B001749,Arjun Sengupta,Singapore,High
B001750,Ayushman Ratta,UAE,Low
B001751,Shravya Samra,UK,Low
B001752,Gagan Kadakia,UAE,Medium
B001753,Yashica Shankar,USA,Low
B001754,Matthew Modi,UAE,Medium
B001755,Falan Ramaswamy,UAE,Medium
B001756,Raghav Goswami,UK,High
B001757,Frado Venkatesh,UAE,Low
B001758,Ronith Yogi,India,Medium
B001759,Ronith Contractor,Singapore,High
B001760,Noah Bahl,Singapore,Low
B001761,Utkarsh Keer,UAE,Low
B001762,Priya Bhakta,USA,High
B001763,Tejas Bhatt,UK,Low
B001764,Tanay Pau,India,Medium
B001765,Panini Loke,USA,Low
B001766,Anthony Kadakia,UAE,High
B001767,Falak Bedi,UK,Low
B001768,Maanav Ramaswamy,USA,Medium
B001769,Max Anne,UK,Medium
B001770,Harish Rau,UK,Low
B001771,Zayan Patil,USA,Medium
B001772,Fitan Dugal,India,High
B001773,Sachi Goel,UAE,Low
B001774,Balvan Chowdhury,UAE,High
B001775,Kavya Mohan,UAE,Medium
B001776,Frederick Kannan,Singapore,High
B001777,Krishna Magar,India,High
B001778,Rajata Baral,India,High
B001779,Niharika Murthy,Singapore,Medium
B001780,Neelima Dass,India,Low
B001781,Samarth Gara,UK,Medium
B001782,Manbir Murty,UK,Low
B001783,Chaman Wadhwa,UK,Low
B001784,Damini Chokshi,USA,Low
B001785,Benjamin Kala,UAE,High
B001786,Faraj Kata,UK,High
B001787,Agastya Samra,India,Low
B001788,Anita Suri,Singapore,Low
B001789,Yagnesh Gara,UAE,High
B001790,Harrison Om,India,Medium
B001791,Hemangini Goswami,India,Medium
B001792,Anvi Gola,UAE,High
B001793,Wahab Brahmbhatt,UAE,Low
B001794,Tanveer Gala,UAE,Medium
B001795,Upasna Kashyap,USA,Medium
B001796,Anirudh Parmar,India,Low
B001797,Samarth Sura,India,Medium
B001798,Deepa Upadhyay,UAE,Low
B001799,Finn Padmanabhan,UK,Medium
B001800,Isaac Issac,Singapore,Medium
B001801,Radha Pant,USA,Low
B001802,Tanveer Sahota,India,Low
B001803,Abhiram Maharaj,USA,High
B001804,Irya Pall,UAE,Medium
B001805,Pranit Chopra,India,High
B001806,Chakradev Sarin,Singapore,Low
B001807,Faras Bava,Singapore,Medium
B001808,Noah Balasubramanian,USA,Medium
B001809,Yutika Anne,Singapore,High
B001810,Faras Kalla,USA,Low
B001811,Wahab Badal,Singapore,Low
B001812,Zansi Aurora,UAE,Medium
B001813,Oliver Ahuja,UK,Low
B001814,Bhavini Bassi,UK,Medium
B001815,Anthony Parmar,India,Low
B001816,Fitan Sabharwal,USA,Low
B001817,Ekalinga Handa,UAE,Low
B001818,Jagdish Kala,USA,Medium
B001819,Sara Gara,UAE,High
B001820,Rudra Iyer,India,Low
B001821,Rehaan Shenoy,USA,Low
B001822,Siya Shankar,India,Low
B001823,Shivansh Subramanian,USA,Medium
B001824,Idika Dutt,USA,Medium
B001825,Ladli Dubey,India,Medium
B001826,Harsh Balakrishnan,UK,High
B001827,Amrita Radhakrishnan,USA,Medium
B001828,Yadavi Kade,USA,High
B001829,Madhav Raval,Singapore,Medium
B001830,Zinal Saini,India,High
B001831,Yoshita Naik,India,Low
B001832,Meera Patel,UK,High
B001833,Ayush Srivastava,USA,Medium
B001834,Dipta Grover,UK,Low
B001835,Yashoda Gaba,Singapore,High
B001836,Dipta Parsa,UK,Medium
B001837,Raksha Baria,UAE,Medium
B001838,Darpan Chaudhry,USA,High
B001839,Baljiwan Mital,UK,Medium
B001840,Darsh Bhardwaj,UAE,High
B001841,Xiti Lanka,India,Low
B001842,Yug Sethi,UK,Medium
B001843,Ekbal Setty,UAE,Medium
B001844,Baljiwan Konda,UK,Low
B001845,Champak Shah,USA,Low
B001846,Anjali Chadha,UAE,Low
B001847,Gautami Walia,UK,High
B001848,Prisha Rastogi,UAE,Low
B001849,Karan Chopra,India,Medium
B001850,Patrick Ratti,USA,Low
B001851,Maya Venkataraman,USA,High
B001852,Nilima Korpal,Singapore,High
B001853,Samuel Nigam,Singapore,Low
B001854,Jagdish Sule,India,Medium
B001855,Madhav Sodhi,India,Medium
B001856,Brijesh Chhabra,UK,High
B001857,Advik Apte,Singapore,Medium
B001858,Amol Din,India,Low
B001859,Tanvi Saran,UK,High
B001860,Sai Rajan,Singapore,Medium
B001861,Zaid Rau,India,Medium
B001862,Nimrat Agrawal,Singapore,Medium
B001863,Lakshmi Menon,India,Low
B001864,Meghana Dugar,USA,Medium
B001865,Divya Basak,USA,High
B001866,Zilmil Rastogi,Singapore,High
B001867,Charvi Padmanabhan,India,High
B001868,Yashica Krishna,UK,Low
B001869,Rehaan Kashyap,UAE,Medium
B001870,Gautami Prasad,India,High
B001871,Amrita Vala,UK,Medium
B001872,Inaya Mahal,UAE,Low
B001873,Isha Nagar,India,Medium
B001874,Nandini Sankaran,UAE,Medium
B001875,Inaya Pall,Singapore,High
B001876,Tarak Nagarajan,India,Low
B001877,Harinakshi Narang,UAE,Medium
B001878,Darika Dugar,UK,High
B001879,Anvi Bhatnagar,Singapore,Medium
B001880,Azad Aurora,UAE,High
B001881,Charles Seshadri,UAE,High
B001882,Kala Ratta,UK,Low
B001883,Jeet Doctor,Singapore,Medium
B001884,Leela Swaminathan,USA,Low
B001885,Jeevika Issac,India,Medium
B001886,Ijaya Tank,UK,Low
B001887,Watika Bhakta,USA,High
B001888,Devansh Sachdeva,UK,Medium
B001889,Aadi Narayan,UAE,Medium
B001890,Ranbir Kaul,India,High
B001891,Aishani Dora,UK,Medium
B001892,Kashvi Karpe,UK,High
B001893,Jyoti Suri,UK,High
B001894,Bhavani Nayak,UAE,Low
B001895,Alexander Pathak,India,Medium
B001896,Lohit Shroff,UAE,High
B001897,Ekaraj Khare,UK,Medium
B001898,Tanmayi Bora,USA,Medium
B001899,Nikita Mukherjee,Singapore,Low
B001900,Maya Zacharia,Singapore,Low
B001901,Veer Arora,Singapore,Low
B001902,Ekbal Balakrishnan,UK,Medium
B001903,Aryan Pillai,UAE,Low
B001904,Laksh Baria,Singapore,Low
B001905,Omaja Mann,UAE,Low
B001906,Tanay Gour,UK,High
B001907,Lopa Aurora,UAE,Medium
B001908,Bhavani Kalita,India,Medium
B001909,Rehaan Patil,USA,Medium
B001910,Viraj Iyengar,UK,Medium
B001911,Krisha Kalita,Singapore,Low
B001912,Meghana Comar,USA,High
B001913,Qasim Gade,USA,Low
B001914,Maanav Kar,UAE,High
B001915,Yuvraj Nazareth,India,Low
B001916,Ansh Chana,India,High
B001917,Vanya Narayanan,India,Low
B001918,Amol Bal,UAE,Medium
B001919,Abha Hayer,UAE,Medium
B001920,Gayathri Radhakrishnan,India,High
B001921,Aahana Bakshi,USA,Low
B001922,Gunbir Cherian,UK,Medium
B001923,Hitesh Kapoor,India,High
B001924,Sneha Narang,UK,High
B001925,Chatura Guha,India,High
B001926,Vamakshi Chaudhari,USA,Medium
B001927,Nitesh Chatterjee,India,Low
B001928,Tanay Sagar,UAE,Medium
B001929,Ekavir Dani,India,High
B001930,Aryan Narayanan,India,Low
B001931,Robert Issac,USA,Medium
B001932,Bhavani Choudhry,UAE,Medium
B001933,Eesha Kunda,Singapore,Low
B001934,Pahal Master,Singapore,Medium
B001935,Rishi Sama,USA,Low
B001936,Udant Cheema,UK,High
B001937,Dayamai Goel,UK,Medium
B001938,Anita Pandey,Singapore,High
B001939,Kiaan Parekh,UK,Medium
B001940,Chaman Swamy,UK,High
B001941,Chanchal Sharaf,India,Low
B001942,Yasti Gopal,UK,Low
B001943,Radha Dasgupta,UK,Low
B001944,Chatresh Konda,UAE,Low
B001945,Samar Sachdev,India,High
B001946,Ekaja Hayre,USA,Medium
B001947,Hamsini Sinha,UAE,High
B001948,Fiyaz Rout,UAE,High
B001949,Urvashi Gaba,UK,Low
B001950,Odika Vyas,Singapore,High
B001951,Fiyaz Nair,India,High
B001952,Nakul Chand,USA,Medium
B001953,Chanakya Ram,India,Low
B001954,Sanya Banerjee,USA,High
B001955,Vivaan Dar,UAE,High
B001956,Ira Kapur,UAE,High
B001957,Thomas Chaudhuri,Singapore,High
B001958,Netra Shukla,India,High
B001959,Sai Doctor,India,High
B001960,Arya Mukhopadhyay,Singapore,High
B001961,Anjali Singhal,UAE,High
B001962,Kashish Gara,Singapore,Medium
B001963,Warjas Bora,UK,Low
B001964,Upadhriti Ray,UAE,Medium
B001965,Yamini Choudhury,USA,Medium
B001966,Anjali Sarma,USA,Medium
B001967,Aashi Kara,USA,Medium
B001968,Chandresh Batra,UK,High
B001969,Ekaraj Rastogi,India,High
B001970,Falan Ray,USA,Medium
B001971,Dayita Das,Singapore,Medium
B001972,Brijesh Kunda,India,Medium
B001973,Ekalinga Ramachandran,UAE,High
B001974,Lakshmi Oommen,India,Medium
B001975,Manbir Cheema,Singapore,High
B001976,Jalsa Dhawan,USA,Medium
B001977,Sanaya Lal,Singapore,Low
B001978,Zansi Sahni,UAE,Low
B001979,Teerth Saxena,UAE,Low
B001980,Priya Parmer,Singapore,High
B001981,Banjeet Roy,UAE,High
B001982,Harini Chana,USA,High
B001983,Luke Chander,UK,Medium
B001984,Sai De,UK,Medium
B001985,Daniel Bhalla,India,Low
B001986,Anmol Mody,Singapore,Medium
B001987,Bhavani Sheth,UAE,Low
B001988,Pratyush Bhagat,UAE,Medium
B001989,Tara Borah,USA,Low
B001990,Owen Divan,Singapore,Low
B001991,Nachiket Upadhyay,USA,Low
B001992,Shravya Dugal,Singapore,Medium
B001993,Samaksh Lala,UAE,High
B001994,Arunima Aurora,Singapore,High
B001995,Lakshmi Luthra,India,Low
B001996,Abhiram Wagle,India,Medium
B001997,Brinda Sule,India,High
B001998,Hemang Gandhi,USA,Low
B001999,Balveer Gala,USA,High
B002000,Gaurav Subramaniam,UAE,Medium
B002001,Omaja Dass,Singapore,Medium
B002002,Tara Rai,USA,Medium
B002003,Hamsini Talwar,UAE,Low
B002004,Daniel Sinha,UK,Low
B002005,Aashi Deol,UK,Medium
B002006,Reyansh Bajaj,UAE,High
B002007,Libni Parekh,UAE,Low
B002008,Jeevika Gokhale,India,Low
B002009,Madhavi Upadhyay,UK,Medium
B002010,Triya Subramaniam,Singapore,High
B002011,Zayan Desai,Singapore,High
B002012,Alexander Dash,Singapore,Medium
B002013,Nikita Bumb,Singapore,High
B002014,Ekantika Khurana,USA,High
B002015,Shravya Pandya,USA,High
B002016,Aditya Taneja,UAE,High
B002017,Deepa Rau,India,Low
B002018,Chavvi Ravi,India,High
B002019,Faras Mann,UAE,Medium
B002020,Wakeeta Tiwari,Singapore,Medium
B002021,Geetika Bassi,UK,Medium
B002022,Benjamin Pillai,USA,High
B002023,Aradhana Dixit,UAE,Medium
B002024,Mahika Tripathi,India,Low
B002025,Darsh Vig,UK,Medium
B002026,Harita Vohra,UK,Low
B002027,Sachi Chandra,UAE,High
B002028,Rachita Sem,UAE,High
B002029,Vincent Bhatti,UAE,Medium
B002030,Upma Koshy,UK,Medium
B002031,Tanveer Tiwari,Singapore,Medium
B002032,Aarush Thaman,USA,Low
B002033,Indira De,India,High
B002034,Wakeeta Rao,USA,Medium
B002035,Janani Sahni,UAE,Medium
B002036,Advay Saha,UAE,High
B002037,Vaishnavi Gole,UK,Low
B002038,Warhi Bhattacharyya,UK,Medium
B002039,Dev Vyas,USA,Low
B002040,Abhimanyu Patel,UK,Medium
B002041,Mahika Konda,Singapore,Medium
B002042,Jagvi Bir,USA,Low
B002043,Chakradev Mody,UK,Medium
B002044,Mugdha Mukhopadhyay,UAE,Low
B002045,Alexander Bhalla,USA,High
B002046,Vivaan Prakash,UK,Low
B002047,Nimrat Dhingra,India,Low
B002048,Arunima Sankaran,UAE,High
B002049,Nathaniel Yadav,USA,Low
B002050,Jhalak Choudhury,UAE,Low
B002051,Vidhi Loyal,UAE,High
B002052,Damyanti Ratti,USA,Low
B002053,Atharv Deshpande,Singapore,Low
B002054,Radhika Rege,UK,Low
B002055,Panini Mittal,UK,High
B002056,Watika Koshy,Singapore,High
B002057,Zayan Saran,Singapore,High
B002058,Raghav Hayer,USA,Medium
B002059,Ekavir Gill,UK,Low
B002060,Mahika Yadav,India,Medium
B002061,Ekavir Mand,Singapore,Medium
B002062,Avni Bumb,UK,Low
B002063,Chatresh Sahni,USA,Medium
B002064,Vritti Sibal,India,Medium
B002065,Pahal Dhar,India,High
B002066,Umang Vala,USA,High
B002067,Vrinda Parmar,India,Medium
B002068,Zehaan Kunda,USA,High
B002069,Vanya Gupta,UK,Medium
B002070,Vritti Ghosh,Singapore,High
B002071,Shravya Pillai,UAE,High
B002072,Faras Vora,India,High
B002073,Panini Narayanan,UK,Low
B002074,Divya Mody,Singapore,Low
B002075,Aashi Saraf,UAE,Medium
B002076,Waida Lad,USA,High
B002077,Zashil Manda,India,High
B002078,Abdul Ratti,India,Low
B002079,Reyansh Deep,USA,High
B002080,Lakshit Doshi,Singapore,Low
B002081,Chakradhar Bhagat,USA,Medium
B002082,Baghyawati Setty,Singapore,Low
B002083,Onveer Shetty,Singapore,Low
B002084,Onkar Gera,Singapore,Medium
B002085,Maanas Ganesan,USA,Low
B002086,Quincy Badal,India,High
B002087,Tarak Pall,USA,Low
B002088,Anya Rao,Singapore,Low
B002089,Onveer Rajan,Singapore,High
B002090,Vaishnavi Mitter,UAE,Low
B002091,Sai Sodhi,USA,Low
B002092,Pallavi Kota,Singapore,High
B002093,Zarna Panchal,UK,High
B002094,Rohan Chahal,Singapore,High
B002095,Anjali Mohan,UAE,Low
B002096,Leena Dar,UK,Medium
B002097,Ekbal More,UAE,High
B002098,Pooja Venkatesh,USA,Medium
B002099,Fariq Nadkarni,USA,Medium
B002100,Adya Bhardwaj,Singapore,Medium
B002101,Ucchal Mandal,Singapore,High
B002102,Elijah Bala,UK,High
B002103,Anamika Arora,Singapore,Medium
B002104,Tanish Dhar,India,Low
B002105,Yatan Murty,India,Medium
B002106,Vidhi Chauhan,Singapore,Medium
B002107,Chakradev Raju,UK,Low
B002108,Rachita Bajwa,Singapore,Low
B002109,Ekani Murty,USA,Medium
B002110,Isaiah Thakkar,UK,High
B002111,Zehaan Muni,India,Medium
B002112,Mason Balan,Singapore,High
B002113,Jeet Borde,USA,Medium
B002114,Neelima Natarajan,Singapore,High
B002115,Sachi Badami,Singapore,High
B002116,Damyanti Seth,USA,Low
B002117,Arjun Sehgal,UK,Medium
B002118,Garima Pandey,UAE,Low
B002119,Yagnesh Parmer,Singapore,Low
B002120,Xavier Nagarajan,UAE,Medium
B002121,Nathaniel Deshpande,UK,High
B002122,Panini Jayaraman,UK,Medium
B002123,Advay Anand,Singapore,Medium
B002124,Anthony Khalsa,Singapore,Medium
B002125,Zayan Kanda,UK,Low
B002126,Hamsini Joshi,UK,Medium
B002127,Qarin Saxena,USA,Medium
B002128,Dhriti Ravel,India,Medium
B002129,Saksham Wadhwa,Singapore,Medium
B002130,Neelima Prabhakar,USA,High
B002131,Varsha Mishra,USA,High
B002132,Wazir Manne,USA,High
B002133,Osha Shankar,India,High
B002134,Amaira Kala,UAE,Medium
B002135,Hema Pandit,USA,High
B002136,Tanay Jha,UAE,Low
B002137,Sneha Kannan,India,Medium
B002138,Lila Kashyap,India,High
B002139,Mohini Sarna,UK,Medium
B002140,Bhavika Rege,UAE,Low
B002141,Logan Chopra,India,High
B002142,Jatin Master,USA,Medium
B002143,Anay Agarwal,UAE,Low
B002144,Theodore Cheema,USA,High
B002145,Dev Patla,Singapore,High
B002146,Sudiksha Kashyap,USA,Medium
B002147,Omkaar Balasubramanian,USA,Medium
B002148,Yatan Bala,UK,Medium
B002149,Ekaja Dugal,USA,High
B002150,Jalsa Vyas,USA,Low
B002151,Edhitha Kunda,India,Low
B002152,Anika Malhotra,UAE,Low
B002153,Chanakya Madan,UAE,Medium
B002154,Robert Swaminathan,Singapore,Low
B002155,Nimrat Dhar,USA,Medium
B002156,Jalsa Devan,UK,Low
B002157,Vasudha Wadhwa,USA,High
B002158,Orinder Bahri,USA,Low
B002159,Indali Banik,UK,High
B002160,Tanish Ganesan,India,Medium
B002161,Sanaya Ganesh,Singapore,Low
B002162,Rachita Rajagopal,UK,Low
B002163,Jatin Hari,India,Low
B002164,Widisha Sridhar,UAE,High
B002165,Gopal Sengupta,Singapore,Low
B002166,Gopal Agrawal,India,High
B002167,Zaid Mani,UAE,High
B002168,Darika Sundaram,USA,Low
B002169,Xalak Tandon,UAE,Medium
B002170,Yashawini Kannan,USA,High
B002171,Mahika Loyal,UK,Medium
B002172,Ekaja Pradhan,Singapore,High
B002173,Falguni Mitra,India,Medium
B002174,Peter Devan,UK,Medium
B002175,Abdul Chauhan,USA,Low
B002176,Rishi Oommen,UK,High
B002177,Maanav Padmanabhan,UAE,Medium
B002178,Abdul Wadhwa,Singapore,Medium
B002179,Harsh Issac,Singapore,Low
B002180,Vansha Pau,USA,Medium
B002181,Dhruv Vaidya,UAE,Medium
B002182,Elijah Suresh,Singapore,Medium
B002183,Ishanvi Panchal,UAE,High
B002184,Rushil Deshpande,USA,Medium
B002185,Alka Hayre,India,Medium
B002186,Om Rana,Singapore,Medium
B002187,Faraj Mishra,UAE,High
B002188,Anmol Sahni,India,Medium
B002189,Owen Varghese,USA,High
B002190,Aditya Varkey,India,Medium
B002191,Anay Randhawa,USA,Medium
B002192,Kashish Kibe,UK,Medium
B002193,Kritika Dara,UAE,Low
B002194,Vedika Taneja,UK,Medium
B002195,Hardik Nair,USA,High
B002196,Jeet Mukherjee,India,Low
B002197,Zansi Lala,UAE,Low
B002198,Upasna Luthra,USA,Medium
B002199,Bina Chakraborty,UAE,Low
B002200,Orinder Ram,India,Low
B002201,Faras Dhingra,Singapore,High
B002202,Ikbal Mistry,Singapore,High
B002203,Qabil Korpal,UAE,Low
B002204,Urmi Vohra,India,Medium
B002205,Aarav Kalla,UK,Medium
B002206,Omaja Wadhwa,UK,High
B002207,Bhavika Ray,UK,Low
B002208,Krish Sankaran,India,Medium
B002209,Yashoda Desai,UAE,High
B002210,Osha Shan,Singapore,Low
B002211,Rushil Loke,UK,High
B002212,Indira Sawhney,USA,High
B002213,Oscar Peri,Singapore,High
B002214,Thomas Guha,Singapore,Medium
B002215,Charvi Sachar,USA,Medium
B002216,Ekbal Reddy,Singapore,High
B002217,Pranit Bobal,Singapore,High
B002218,Niharika Wali,UAE,High
B002219,Hema Chatterjee,India,Low
B002220,Krish Baral,Singapore,High
B002221,Rayaan Divan,India,Medium
B002222,Qarin Basu,USA,Low
B002223,Aarush Apte,USA,High
B002224,Yash Sehgal,India,Low
B002225,Anamika Hans,USA,Medium
B002226,Sudiksha Choudhry,India,Low
B002227,Theodore Rege,Singapore,Medium
B002228,Hardik Iyengar,USA,High
B002229,Kai Naik,UAE,Medium
B002230,Mahika Atwal,USA,High
B002231,Samesh Gera,UAE,Medium
B002232,Chasmum Sami,Singapore,Low
B002233,Yug Choudhry,UK,Low
B002234,Yasti Kalla,Singapore,Medium
B002235,Ekaraj Ben,UK,High
B002236,Lopa Amble,UK,High
B002237,Fitan Lal,UK,High
B002238,Kamala Iyengar,USA,Low
B002239,Osha Bhandari,UK,High
B002240,Keya Sandal,USA,High
B002241,Anvi Bhakta,UK,High
B002242,Reyansh Warrior,UAE,Medium
B002243,Sanya Thaker,Singapore,Medium
B002244,Nidhi Sankaran,USA,Medium
B002245,George Maharaj,USA,Low
B002246,Zaitra Wason,UAE,High
B002247,Bina Rajan,Singapore,Low
B002248,Nilima Sachdeva,UK,Medium
B002249,Pranit Vasa,USA,Low
B002250,Leena Dutt,Singapore,Low
B002251,Urishilla Balasubramanian,India,Medium
B002252,Faraj Khare,USA,Low
B002253,Lipika Agarwal,India,High
B002254,Yoshita Pathak,Singapore,Medium
B002255,Om Kapoor,India,Low
B002256,Nakul Borra,UAE,Medium
B002257,Varsha Kala,UAE,Low
B002258,Oscar Balakrishnan,India,Medium
B002259,Vasudha Chahal,UAE,Low
B002260,Eta Sankaran,UK,High
B002261,Krish Kamdar,India,Low
B002262,Faraj Agate,UK,Medium
B002263,Triya Rajagopalan,Singapore,High
B002264,Saksham Varma,UK,Medium
B002265,Alexander Bhandari,UAE,Medium
B002266,Avi Cherian,UK,High
B002267,Kevin Merchant,UAE,High
B002268,Turvi Pall,USA,Low
B002269,Bhavini Raj,UAE,Low
B002270,Adweta Arora,India,High
B002271,Elijah Narula,USA,Medium
B002272,Jairaj Prasad,USA,Medium
B002273,Yug Chawla,UAE,Low
B002274,Yashawini Kota,USA,High
B002275,Janaki Gupta,UAE,High
B002276,Alexander Hegde,Singapore,Medium
B002277,Laksh Goel,UAE,High
B002278,Chatura Balay,UAE,Medium
B002279,Ekta Morar,UAE,High
B002280,Harinakshi Chander,Singapore,Low
B002281,Pranav Peri,USA,Low
B002282,Ikbal Gade,USA,Low
B002283,Yash Singh,India,High
B002284,Ekaraj Basak,USA,Low
B002285,Maya Anne,USA,Medium
B002286,Jason Suri,India,Medium
B002287,Gopal Sheth,India,Low
B002288,Meera Oza,USA,High
B002289,Harish Chada,Singapore,Medium
B002290,Girik Dhaliwal,Singapore,Medium
B002291,Sai Batta,UK,High
B002292,Omkaar Jhaveri,India,Low
B002293,Bachittar Kaur,UAE,Medium
B002294,Bhavna Mahal,Singapore,Medium
B002295,Agastya Patil,Singapore,Medium
B002296,Prisha Mukhopadhyay,UK,High
B002297,Udant Sastry,UK,High
B002298,Alexander Koshy,India,High
B002299,Ekbal Sane,USA,Low
B002300,Upma Oak,UK,High
B002301,Brinda Vasa,USA,Medium
B002302,Thomas Iyengar,UAE,Medium
B002303,Kalpit Yogi,Singapore,High
B002304,Unnati Sahota,UK,High
B002305,Naksh Kar,India,High
B002306,Oeshi Gola,Singapore,High
B002307,Suhani Lata,UK,Low
B002308,Jyoti Ganesan,India,Medium
B002309,Radha Suresh,Singapore,High
B002310,Mekhala Mannan,UK,High
B002311,Samesh Arya,Singapore,Low
B002312,Gauri Nagi,UAE,High
B002313,Mohini Shah,USA,Medium
B002314,Dayamai Srinivas,UK,Low
B002315,Yug Gill,India,Low
B002316,Anita Shah,Singapore,Medium
B002317,Harshil Soman,UAE,Low
B002318,Nandini Baral,India,High
B002319,Vidhi Issac,UK,Medium
B002320,Nimrat Baral,India,Medium
B002321,Maanav Kibe,UK,High
B002322,Kamya Pall,India,High
B002323,Christopher Basu,UK,Low
B002324,Charles Chatterjee,UK,High
B002325,Quincy Keer,Singapore,Medium
B002326,Rehaan Sur,India,High
B002327,Isaiah Pau,UK,Medium
B002328,Pavani Jhaveri,India,High
B002329,Vritti Srinivas,India,High
B002330,Wakeeta Saraf,Singapore,High
B002331,Dev Kulkarni,Singapore,Medium
B002332,Irya Kala,USA,Medium
B002333,Kashvi Bhagat,UAE,Low
B002334,Onveer Hari,India,Medium
B002335,Patrick Deol,India,High
B002336,Yagnesh Kari,USA,High
B002337,Joshua Kothari,USA,Low
B002338,Charles Dara,India,Medium
B002339,Libni Bhakta,India,Low
B002340,Mohini Garg,Singapore,High
B002341,Arin More,India,Medium
B002342,Gauri Prabhakar,India,High
B002343,Vinaya Saini,UK,Low
B002344,Pushti Bose,UAE,High
B002345,Ishwar Madan,India,Medium
B002346,Krish Dasgupta,UK,High
B002347,Pallavi Mishra,USA,High
B002348,Mugdha Comar,UK,High
B002349,Hiral Peri,India,High
B002350,Dhriti Setty,Singapore,Medium
B002351,Omaja Gade,India,Low
B002352,Aryan Nayak,USA,High
B002353,Ishita Balan,USA,High
B002354,Lopa Nayar,UK,Low
B002355,Advika Rajan,USA,Medium
B002356,Yachana Mittal,India,Medium
B002357,Chandani Hari,UAE,Low
B002358,Forum Bhatt,UAE,Medium
B002359,Bhavika Venkatesh,USA,High
B002360,Tanmayi Pillay,India,Medium
B002361,Jeevika Arora,UK,High
B002362,Vamakshi Bal,UK,Low
B002363,Avni Sastry,UK,Medium
B002364,Oscar Oak,UAE,High
B002365,Peter Bala,India,High
B002366,Shaurya Nori,Singapore,Low
B002367,Lucky Andra,India,Low
B002368,Benjamin Manda,USA,High
B002369,Urvi Kapoor,India,Low
B002370,Nirja Rege,UK,High
B002371,Lohit Chaudhuri,India,Low
B002372,Tanvi Sodhi,India,Low
B002373,Bhavya Garg,UK,Medium
B002374,Gaurika Banerjee,India,High
B002375,Rudra Chokshi,USA,Medium
B002376,Gauri Mohanty,USA,High
B002377,Banjeet Ghosh,USA,Medium
B002378,Laksh Jha,India,Medium
B002379,Alka Shetty,UK,Low
B002380,Agastya Sachar,UK,Low
B002381,Patrick Pillay,UAE,Medium
B002382,Yauvani Ratti,Singapore,Low
B002383,Veer Gade,USA,Medium
B002384,Sneha Rama,USA,Low
B002385,Hritik Wali,UK,Medium
B002386,Orinder Bajaj,Singapore,Medium
B002387,Elijah Radhakrishnan,India,Medium
B002388,Siddharth Mand,UK,High
B002389,Urvi Yohannan,UK,Medium
B002390,Lila Mody,UAE,Medium
B002391,Bakhshi Mani,USA,Low
B002392,Lucky Chaudry,UAE,Medium
B002393,Nilima Oak,USA,High
B002394,Mitali Loke,UAE,Low
B002395,Theodore Jaggi,Singapore,Medium
B002396,Jairaj Kumar,UK,Low
B002397,Omisha Dutta,UK,High
B002398,Ati Buch,UAE,High
B002399,Neelima Aggarwal,UK,Low
B002400,Triya Raval,UAE,Low
B002401,Faraj Brahmbhatt,UK,Low
B002402,Naveen Mukhopadhyay,Singapore,Medium
B002403,Widisha Chaudhary,India,Low
B002404,Agastya Sampath,UAE,High
B002405,Om Bir,USA,Medium
B002406,Ikbal Balay,USA,Medium
B002407,Bakhshi Vasa,UAE,Medium
B002408,Bachittar Sani,UK,High
B002409,Wridesh Datta,Singapore,High
B002410,Nathan Das,UAE,Low
B002411,Upkaar Peri,UK,High
B002412,Laksh Dixit,India,High
B002413,Chandran Goswami,UK,Low
B002414,Vritti Chakrabarti,USA,Medium
B002415,Nandini Raghavan,Singapore,Medium
B002416,Aashi Sundaram,UK,High
B002417,Rudra Mani,India,Low
B002418,Aarush Ben,UK,Medium
B002419,Vyanjana Deo,USA,Medium
B002420,Reyansh Agarwal,UAE,Low
B002421,Priya Thakur,India,Medium
B002422,Geetika Chakraborty,UAE,Medium
B002423,Wishi Mishra,UAE,High
B002424,Jagat Bath,Singapore,High
B002425,Gautam Sheth,Singapore,Medium
B002426,Megha Sharma,USA,Medium
B002427,Luke Kumer,UK,High
B002428,Brinda Vaidya,UK,Medium
B002429,Ria Hans,Singapore,Medium
B002430,Rudra Karan,India,Low
B002431,Samar Sastry,UAE,Low
B002432,Omya Sheth,Singapore,Medium
B002433,Kritika Mistry,UK,High
B002434,Abha Goswami,Singapore,High
B002435,Waida Khalsa,India,Low
B002436,Max Devi,UAE,Low
B002437,Samar Garde,UK,High
B002438,Ekani Chahal,UAE,Low
B002439,Rachana Rai,UAE,Low
B002440,Azad Sinha,USA,High
B002441,Daksha Gola,UK,Low
B002442,Ayush Jayaraman,India,Medium
B002443,Girik Pandit,USA,Medium
B002444,Naveen Swamy,Singapore,Medium
B002445,Wazir Mody,USA,Medium
B002446,Kritika Gola,India,High
B002447,Aashi Dixit,USA,Low
B002448,Aarini Kapur,USA,Medium
B002449,Bimala Ghosh,UK,Low
B002450,Rachana Konda,USA,Low
B002451,Dayamai Sidhu,USA,Medium
B002452,Azaan Viswanathan,India,High
B002453,Lavanya Gour,USA,Low
B002454,Wyatt Sarraf,UAE,Medium
B002455,Varenya Agate,India,Medium
B002456,Garima Saraf,USA,Medium
B002457,Maanav Majumdar,India,Medium
B002458,Manya Dani,UAE,High
B002459,Rachit Grewal,Singapore,High
B002460,Rishi Ramachandran,USA,Medium
B002461,Arya Bava,Singapore,Medium
B002462,Damyanti Nazareth,USA,Low
B002463,Ranbir Wason,Singapore,Low
B002464,Ikshita Kade,UK,Low
B002465,Radhika Chokshi,Singapore,Medium
B002466,Triya Brar,UK,High
B002467,Yoshita Narang,Singapore,High
B002468,Ekaraj Dugar,Singapore,High
B002469,Ayush Ravel,India,Medium
B002470,Bhavini Gara,Singapore,High
B002471,Samesh Aggarwal,UAE,Low
B002472,Mohammed Sinha,USA,High
B002473,Janya Raja,USA,Low
B002474,Arjun Kala,UK,Medium
B002475,Mason Verma,UK,High
B002476,Nitara Solanki,India,High
B002477,Vaishnavi Tiwari,UAE,Medium
B002478,Maanas Patel,India,High
B002479,Madhav Dugar,USA,Low
B002480,Arin Mital,Singapore,Low
B002481,Anmol Madan,India,Low
B002482,Bhavini Apte,UK,Medium
B002483,Zayan Banik,India,Medium
B002484,Nikita Shankar,Singapore,High
B002485,Vedant Koshy,USA,Medium
B002486,Varenya Pal,USA,Medium
B002487,Agastya Pall,UK,Medium
B002488,Lavanya Chandra,Singapore,Low
B002489,Hamsini Randhawa,UK,Medium
B002490,Warjas Kumer,USA,Low
B002491,Saumya Desai,Singapore,High
B002492,Ishwar Chandran,UAE,Low
B002493,Udyati Baral,Singapore,Low
B002494,Raghav Sankar,UK,High
B002495,Caleb Zachariah,India,High
B002496,Irya Mandal,Singapore,Low
B002497,Timothy Mangal,USA,Medium
B002498,Yashvi Bali,USA,High
B002499,Wriddhish Shanker,UAE,Medium
B002500,Krishna Dhaliwal,Singapore,Low
B002501,Saumya Gopal,Singapore,High
B002502,Hemangini Kohli,Singapore,Medium
B002503,Nathan Sampath,India,Medium
B002504,Divya Oak,Singapore,Medium
B002505,Ucchal Lad,India,High
B002506,Vasudha Koshy,Singapore,High
B002507,Warinder Dass,UK,Medium
B002508,Umang Venkataraman,UK,High
B002509,Ucchal Bose,UK,Low
B002510,Naveen Singhal,USA,Medium
B002511,Zilmil Chana,UAE,Medium
B002512,Aahana Chatterjee,India,Low
B002513,Fariq Gola,India,Medium
B002514,Sarthak Kari,UAE,Medium
B002515,Rajata Thakur,USA,High
B002516,Manan Sanghvi,UAE,High
B002517,Samesh Verma,Singapore,Medium
B002518,Xalak Iyer,India,Medium
B002519,Qadim Sarma,UK,Low
B002520,Simon Gokhale,India,Medium
B002521,Onkar Saraf,Singapore,Medium
B002522,Frederick More,India,High
B002523,Aarna Saini,UK,Medium
B002524,Owen Loyal,Singapore,Medium
B002525,Aarnav Ganguly,UK,Low
B002526,Lajita Raghavan,UAE,Medium
B002527,Mitesh Reddy,USA,Medium
B002528,Ekaraj Dey,UK,Medium
B002529,Utkarsh Oza,India,Medium
B002530,Rehaan Kar,UK,Medium
B002531,Hemang Kuruvilla,India,High
B002532,Gautam Natt,India,Medium
B002533,Jack Mand,India,High
B002534,Urvi Hegde,Singapore,Low
B002535,Prisha Bhatnagar,USA,Low
B002536,Yauvani Kari,UAE,Low
B002537,Vrinda Desai,USA,High
B002538,Amrita Divan,USA,High
B002539,Qasim Murty,Singapore,Medium
B002540,Faqid Sharaf,UK,Medium
B002541,Arya Munshi,Singapore,High
B002542,Tanish Mishra,UAE,Low
B002543,Chandani Chowdhury,UAE,High
B002544,Yashica Thakkar,Singapore,Low
B002545,Gaurangi Bhandari,India,Medium
B002546,Urvi Kanda,UK,Low
B002547,Aarnav Bhagat,USA,High
B002548,Ishanvi Mani,India,Medium
B002549,Osha Sangha,UAE,High
B002550,Benjamin Misra,India,Medium
B002551,Noah Bhagat,UK,Medium
B002552,Aarush Dasgupta,Singapore,Low
B002553,Joshua Malhotra,USA,High
B002554,Parth Edwin,UK,High
B002555,Manbir Sankaran,India,Medium
B002556,Edhitha Tiwari,India,Low
B002557,Warhi Edwin,UAE,Medium
B002558,Chaman Patla,UK,High
B002559,Ethan Nath,UAE,High
B002560,Viraj Pall,USA,High
B002561,Frado Tata,India,Medium
B002562,Ladli Kari,UAE,Medium
B002563,Abhiram Zacharia,USA,Medium
B002564,Teerth Parmer,UK,High
B002565,Nidra Dhar,USA,Medium
B002566,Yash Mallick,UAE,High
B002567,Garima Mishra,India,High
B002568,Lakshit Behl,Singapore,Low
B002569,Tejas Bhavsar,UK,Medium
B002570,Yashodhara Seshadri,India,Medium
B002571,Zaitra Kala,USA,Low
B002572,Henry Mane,Singapore,High
B002573,Vihaan Lanka,USA,Medium
B002574,Pranit Comar,UK,Medium
B002575,Aarav Bansal,UAE,High
B002576,Krish Rau,UK,Low
B002577,Jai Narang,USA,Low
B002578,Tanmayi Sachdeva,India,High
B002579,Kritika Tailor,UK,Low
B002580,Kashvi Subramaniam,India,High
B002581,Veda Srinivas,UK,High
B002582,Elijah Bhasin,UAE,Medium
B002583,Gaurangi Edwin,UAE,Medium
B002584,Vinaya Patil,UAE,Medium
B002585,Zayan Dada,UAE,Medium
B002586,Gaurika Sarkar,Singapore,High
B002587,Tripti Goyal,India,Medium
B002588,Oni Sheth,UK,Medium
B002589,Hiral Roy,UK,Medium
B002590,Watika Raja,USA,Medium
B002591,Ishanvi Bains,Singapore,Low
B002592,Anya Iyer,UAE,High
B002593,Frado Upadhyay,USA,High
B002594,Bhavna Modi,Singapore,Medium
B002595,Jagvi Sha,Singapore,Low
B002596,Yahvi Bala,UAE,Low
B002597,Manbir Lalla,Singapore,High
B002598,Chakrika Kapur,UK,Low
B002599,Vivaan Pant,USA,High
B002600,Zaid Sahota,UAE,Medium
B002601,Omisha Mukherjee,UK,Medium
B002602,Aarav Patil,UK,Medium
B002603,Jasmit Raj,Singapore,Low
B002604,Anita Randhawa,USA,High
B002605,Shivani Devi,UAE,Low
B002606,Bahadurjit Choudhary,UAE,Medium
B002607,Wriddhish Rajan,UAE,Medium
B002608,Zaitra Trivedi,Singapore,Low
B002609,Ethan Jha,UK,High
B002610,Yoshita Bala,Singapore,Low
B002611,Tanish Palla,Singapore,High
B002612,Saumya Deshmukh,USA,Medium
B002613,Siddharth Bajaj,UAE,Low
B002614,Jonathan Sarraf,India,Medium
B002615,Nitesh Mukhopadhyay,USA,Low
B002616,Ekanta Kakar,India,High
B002617,Gagan Balakrishnan,UK,Low
B002618,Jeet Luthra,USA,High
B002619,Saanvi Bava,Singapore,High
B002620,Nakul Munshi,Singapore,Medium
B002621,Andrew Sura,USA,Medium
B002622,Aryan Keer,UAE,Medium
B002623,Brijesh Jhaveri,UK,Medium
B002624,Vaishnavi Yohannan,India,High
B002625,Samar Ramesh,UK,High
B002626,Ekani Deo,UAE,High
B002627,Sudiksha Swaminathan,Singapore,Low
B002628,Advaith Mishra,Singapore,Medium
B002629,Naveen Patel,Singapore,Medium
B002630,Xiti Krishna,Singapore,Low
B002631,Urvi Banerjee,USA,Medium
B002632,Aachal Bhatti,UK,Low
B002633,Gagan Suresh,UAE,Medium
B002634,Agastya Subramaniam,Singapore,High
B002635,Udarsh Mannan,USA,High
B002636,Darsh Sura,India,Medium
B002637,Aachal Bhalla,UAE,High
B002638,Pallavi Tank,Singapore,Medium
B002639,Chakradhar Bala,Singapore,Low
B002640,Yamini Jayaraman,India,High
B002641,Yashawini Sharaf,USA,Low
B002642,Keya Narula,UAE,High
B002643,Aarnav Bail,UAE,Low
B002644,Dipta Garde,UAE,High
B002645,Triveni Nair,Singapore,Low
B002646,Kashish Khatri,UK,High
B002647,Widisha Arora,USA,Low
B002648,Adweta Rajagopal,UAE,High
B002649,Watika Bandi,Singapore,High
B002650,Logan Hans,India,Medium
B002651,Devika Talwar,India,High
B002652,Lohit Vasa,UAE,High
B002653,Ayaan Chaudhuri,Singapore,High
B002654,Faqid Sura,UAE,Low
B002655,Neel Nanda,USA,Medium
B002656,Hritik Balasubramanian,UK,High
B002657,Hardik Saran,USA,Low
B002658,Pranit Comar,Singapore,High
B002659,Sai Gokhale,USA,Medium
B002660,Aarini Dyal,USA,Medium
B002661,Upasna Ramakrishnan,India,Low
B002662,Dominic Chada,USA,High
B002663,Jairaj Oak,Singapore,Medium
B002664,Unnati Bhattacharyya,USA,High
B002665,Pranit Solanki,UAE,Medium
B002666,Idika Dhar,USA,Low
B002667,Omisha Singh,Singapore,High
B002668,Dayita Varma,India,High
B002669,Indrajit Swaminathan,UK,Low
B002670,Maya Sridhar,USA,Medium
B002671,Lucky Pandit,India,Low
B002672,Kabir Baria,India,High
B002673,Harini Date,Singapore,High
B002674,Henry Palla,Singapore,Medium
B002675,Rudra Mallick,India,Medium
B002676,Hitesh Vala,UK,High
B002677,Yashasvi Sundaram,UAE,Low
B002678,Kamala Kar,UAE,High
B002679,Yug Pillai,UAE,High
B002680,Aditya Loyal,India,Medium
B002681,Nicholas Balay,Singapore,High
B002682,Nirja Memon,India,Medium
B002683,Barkha Memon,Singapore,High
B002684,Omkaar Chaudhry,India,Medium
B002685,Pavani Bava,Singapore,High
B002686,Saumya Das,UAE,High
B002687,Rachana Saha,Singapore,Medium
B002688,Netra Mahajan,India,Low
B002689,Nirja Rao,USA,Medium
B002690,Indrajit Konda,UAE,Low
B002691,Oscar Vyas,USA,Medium
B002692,Chandresh Dara,Singapore,High
B002693,Yahvi Madan,UK,Low
B002694,Gautami Shan,USA,Medium
B002695,Hamsini Krishna,USA,Medium
B002696,Zehaan Divan,India,Medium
B002697,Reyansh Solanki,India,Medium
B002698,Neha Sandal,Singapore,Low
B002699,Triya Acharya,UK,Medium
B002700,Oliver Dara,UK,High
B002701,Faqid Chaudhari,Singapore,Medium
B002702,Bakhshi Bhat,Singapore,High
B002703,Gaurav Manda,UK,High
B002704,Yutika Varughese,UK,High
B002705,Lakshit Nayar,India,Low
B002706,Shaurya Dalal,USA,High
B002707,Jatin Bhalla,UK,Low
B002708,Ishani Wagle,USA,Medium
B002709,Samaksh Kaul,UAE,Medium
B002710,Champak Prabhakar,UK,Medium
B002711,Chandani Chakrabarti,USA,High
B002712,Qarin Bhardwaj,UK,Medium
B002713,Nimrat Pall,Singapore,High
B002714,Oni Sem,UK,Low
B002715,Ikbal Kothari,USA,Low
B002716,Dayita Parmer,UAE,Medium
B002717,George Iyengar,Singapore,Medium
B002718,Upadhriti Banerjee,USA,Low
B002719,Yahvi Karnik,USA,High
B002720,Nimrat Borra,UK,Low
B002721,Wyatt Pandit,UAE,Low
B002722,Mahika Kanda,UK,Medium
B002723,Urvashi Dhingra,UAE,High
B002724,Tarak Deo,UAE,Medium
B002725,Logan Bains,Singapore,High
B002726,Zarna Bumb,USA,Medium
B002727,Nicholas Bala,USA,High
B002728,Veer Master,UAE,Medium
B002729,Henry Mukhopadhyay,UAE,Medium
B002730,Prisha Choudhury,Singapore,Medium
B002731,Yashica Karan,USA,High
B002732,Bhavini Mani,Singapore,Low
B002733,Saanvi Hayre,Singapore,Medium
B002734,Mohammed Mander,India,High
B002735,Varsha Manda,India,Medium
B002736,Adya Shenoy,USA,Medium
B002737,Viraj Ghose,USA,Low
B002738,Chaitaly Ganguly,USA,Medium
B002739,Ryan Dada,UAE,High
B002740,Mohini Kata,India,High
B002741,Ethan Kade,USA,Medium
B002742,Ojasvi Tella,Singapore,Medium
B002743,Baljiwan Joshi,UAE,High
B002744,Noah Parsa,India,High
B002745,Mitali Bhardwaj,UAE,Low
B002746,Joshua Nanda,USA,Medium
B002747,Wakeeta Vaidya,India,Medium
B002748,Sneha Sami,India,Medium
B002749,Anthony Borra,UAE,Low
B002750,Tanmayi Dugal,UK,High
B002751,Jyoti Pandit,UAE,High
B002752,Ojasvi Bedi,UAE,Low
B002753,Jeevika Nair,India,Medium
B002754,Yash Din,UAE,High
B002755,Ishanvi Mahajan,USA,Low
B002756,Oviya Mistry,UK,High
B002757,Jasmit Bhatt,USA,High
B002758,Ojasvi Prashad,USA,Low
B002759,David Pall,Singapore,Low
B002760,Ijaya Sule,India,High
B002761,Bhavini Sagar,UK,High
B002762,Yatan Kumer,UK,Low
B002763,Charita Mohanty,USA,High
B002764,Yashodhara Buch,India,Low
B002765,Ijaya Wagle,UAE,Medium
B002766,Janani Ghosh,India,Low
B002767,Gauri Soman,USA,Low
B002768,Faris Bhatia,UAE,High
B002769,Rehaan Ramakrishnan,Singapore,Medium
B002770,Eta Ravel,India,High
B002771,Ekaja Karpe,India,Medium
B002772,Rachit Bakshi,India,Low
B002773,Neel Tripathi,Singapore,Low
B002774,Dipta Kumar,Singapore,Low
B002775,Jyoti Nadkarni,Singapore,Low
B002776,Agastya Grewal,India,High
B002777,Sathvik Buch,UAE,Low
B002778,Sarthak Sathe,UAE,Medium
B002779,Vincent Dash,UK,High
B002780,Yashoda Ahuja,India,High
B002781,Vanya Ghosh,Singapore,Low
B002782,Gauri Amble,Singapore,High
B002783,Lajita Chaudhry,USA,High
B002784,Ishani Dhar,UAE,Medium
B002785,Caleb Doctor,India,Medium
B002786,Anita Bhavsar,Singapore,High
B002787,Varsha Gill,UK,Medium
B002788,Ekantika Puri,USA,Medium
B002789,Yoshita Sant,UAE,Medium
B002790,Balendra Rai,UAE,Medium
B002791,Balhaar Buch,UK,Medium
B002792,Advik Nair,UAE,Low
B002793,Gaurika Natt,UK,Medium
B002794,Lakshit Sahota,UAE,High
B002795,Vrinda Sampath,UK,High
B002796,Yadavi Subramaniam,Singapore,Low
B002797,Harish Bala,USA,Medium
B002798,Falak Varkey,India,Medium
B002799,Aashi Chawla,UAE,Medium
B002800,Ekaja Gandhi,Singapore,Low
B002801,Zehaan Jani,USA,Low
B002802,Adya Gopal,Singapore,High
B002803,Charita Sachar,UK,Low
B002804,Jagdish Kapoor,Singapore,Medium
B002805,Siya Thakur,UAE,Low
B002806,Faras Manda,USA,Low
B002807,Samesh Padmanabhan,USA,Low
B002808,Vincent Lata,UK,High
B002809,Gaurangi Kar,UK,Medium
B002810,Radha Hayer,UAE,Medium
B002811,Sanya Pandit,India,High
B002812,Indrajit Choudhry,UK,High
B002813,Fariq Kakar,USA,High
B002814,Ayush Dey,USA,Medium
B002815,Kabir Kanda,USA,Low
B002816,Janani Viswanathan,Singapore,Low
B002817,Zinal Kannan,USA,High
B002818,Qushi Sem,USA,Medium
B002819,Kai Deol,UAE,Medium
B002820,Bahadurjit Dasgupta,UAE,Medium
B002821,Neelima Palan,UK,Low
B002822,Hemangini Bail,UK,Medium
B002823,Samesh Cheema,UK,Medium
B002824,Luke Sagar,USA,Medium
B002825,Isaac Bajwa,UK,High
B002826,Robert Varma,UK,High
B002827,Atharv Halder,UK,Medium
B002828,Osha Basak,UK,Medium
B002829,Udant Pau,UAE,Medium
B002830,Yoshita Baria,Singapore,Low
B002831,Divya Grewal,Singapore,Low
B002832,Jagvi Sibal,Singapore,Medium
B002833,Brijesh Varughese,USA,Medium
B002834,Bhavika Varkey,UK,Low
B002835,Lipika Borde,USA,Low
B002836,Widisha Sachdev,UK,Medium
B002837,Niharika Kala,UK,Low
B002838,Ekalinga Kara,UK,Medium
B002839,Jyoti Dada,Singapore,Medium
B002840,Ekalinga Dhillon,UAE,High
B002841,Hema Luthra,USA,Low
B002842,Matthew Rai,UAE,High
B002843,Anamika Sridhar,Singapore,Medium
B002844,Pranit Chakrabarti,India,Low
B002845,Warinder Bail,USA,Low
B002846,Gautami Swamy,UK,High
B002847,Qabil Naidu,Singapore,High
B002848,Inaya Sekhon,UAE,Medium
B002849,Kamya Chaudhuri,India,High
B002850,Dalbir Dhingra,Singapore,High
B002851,Nidhi Mahal,Singapore,Low
B002852,Harinakshi Brar,UK,High
B002853,Udarsh Varughese,UAE,Medium
B002854,Chatura Bhakta,India,Low
B002855,Manbir Karnik,India,High
B002856,Urmi Kashyap,UK,Medium
B002857,Ekta Naik,UAE,Medium
B002858,Kevin Dhillon,Singapore,Medium
B002859,Nitara Kakar,India,Medium
B002860,Chakradhar Nair,USA,High
B002861,Robert Saxena,India,Medium
B002862,Naksh Devan,Singapore,Low
B002863,Ryan Mandal,USA,High
B002864,Yamini Rana,UK,High
B002865,Rajeshri Basak,USA,High
B002866,Urvi Purohit,India,Medium
B002867,Pavani Chakrabarti,USA,Medium
B002868,Janaki Deo,UAE,High
B002869,Jhalak Modi,UK,High
B002870,Yashasvi Lad,UAE,Medium
B002871,Udyati Sridhar,India,Low
B002872,Chavvi Ravel,India,High
B002873,Azaan Bal,UK,Medium
B002874,Nimrat Sule,Singapore,High
B002875,Chaitaly Tailor,USA,Low
B002876,Neha Gera,UK,Medium
B002877,Barkha Sarin,USA,Medium
B002878,Laban Gala,UK,Medium
B002879,Advik Choudhury,USA,High
B002880,Siya Merchant,UK,Medium
B002881,Owen Dave,UAE,High
B002882,Gayathri Panchal,India,Low
B002883,Dominic Iyer,India,High
B002884,Sara Dhillon,Singapore,Medium
B002885,Adya Tara,Singapore,Medium
B002886,Noah Sur,India,High
B002887,Fitan Sama,India,High
B002888,Amrita Ravel,UK,Low
B002889,Hemangini Krishna,UAE,Medium
B002890,Kashvi Roy,India,High
B002891,Damini Samra,UK,High
B002892,Faqid Sridhar,Singapore,Medium
B002893,Ranveer Gour,UAE,Medium
B002894,Krishna Kale,India,High
B002895,Upma Pandit,India,High
B002896,Baljiwan Agarwal,India,High
B002897,Charan Arya,India,High
B002898,Parth Mohanty,USA,High
B002899,Yoshita Sampath,India,High
B002900,Rushil Babu,Singapore,High
B002901,Balendra Mohan,USA,Low
B002902,Edhitha Sami,Singapore,Medium
B002903,Omya Sarma,Singapore,Medium
B002904,Gaurangi Shenoy,USA,High
B002905,Hiral Sengupta,UK,Low
B002906,Balendra Mistry,USA,High
B002907,Anusha Keer,UAE,Medium
B002908,Hiral Sridhar,Singapore,High
B002909,Radha Bhargava,Singapore,Low
B002910,Jason Naidu,Singapore,High
B002911,Vedika Srinivasan,UK,Low
B002912,Vrinda Sridhar,UAE,Medium
B002913,Wishi Solanki,India,Low
B002914,Aadi Choudhary,USA,Medium
B002915,Vrishti Gaba,Singapore,Low
B002916,Yashica Jha,UK,Low
B002917,Aahana Kannan,UAE,High
B002918,Teerth Singhal,UK,High
B002919,Brijesh Vig,Singapore,High
B002920,Dalaja Uppal,USA,High
B002921,Aadhya Pathak,UK,High
B002922,Jyoti Chacko,UAE,Low
B002923,Yauvani Balay,USA,Low
B002924,Ekavir Char,USA,Medium
B002925,Tripti Thakkar,USA,Low
B002926,Charan Cherian,India,High
B002927,Jackson Lalla,UAE,Low
B002928,Leela Prashad,USA,High
B002929,Jagrati Mani,UK,Low
B002930,Mitali Kamdar,UK,Medium
B002931,Nidra Nadig,USA,High
B002932,Ekaraj Rama,USA,Low
B002933,Ishanvi Sankar,UK,Low
B002934,Anvi Gara,Singapore,Medium
B002935,Finn Bassi,USA,Low
B002936,Wazir Comar,UK,Low
B002937,Tanmayi Parekh,USA,Medium
B002938,Naksh Narula,India,Medium
B002939,Baljiwan Raju,India,Medium
B002940,Zehaan Bhatti,USA,Medium
B002941,Daniel Narayanan,India,Medium
B002942,Jack Murty,Singapore,Medium
B002943,Wridesh Basak,USA,Low
B002944,Chameli Sethi,Singapore,High
B002945,Faras Agarwal,India,Low
B002946,Idika Morar,USA,High
B002947,Advaith Natt,UAE,High
B002948,Eshana Borra,UAE,Low
B002949,Manya Narain,USA,Low
B002950,Dalbir Balakrishnan,India,Medium
B002951,Mitali Johal,UAE,Medium
B002952,Janani Subramanian,UK,Medium
B002953,Gautami Chakrabarti,USA,Low
B002954,Adweta Choudhury,India,High
B002955,Gagan Amble,UK,Medium
B002956,Rayaan Ramakrishnan,UK,High
B002957,Shaurya Jayaraman,India,Medium
B002958,Oscar Kata,India,Low
B002959,Isha Narayan,Singapore,Medium
B002960,Nathaniel Dey,Singapore,Low
B002961,Turvi Gulati,UK,Medium
B002962,Abha Bhatnagar,UK,Low
B002963,Gaurang Vig,Singapore,High
B002964,Radha Menon,UK,Low
B002965,Jhalak Keer,India,High
B002966,Champak Kari,Singapore,Medium
B002967,Dominic Bora,India,Medium
B002968,Vaishnavi Deshmukh,UK,Low
B002969,Yamini D’Alia,USA,Low
B002970,Anamika Swamy,USA,High
B002971,Chandresh Bakshi,India,Low
B002972,Tanish Ramanathan,UAE,Low
B002973,Osha Dixit,USA,High
B002974,Krish Shah,Singapore,Low
B002975,Sarthak More,India,High
B002976,Isha Chaudhuri,USA,High
B002977,Varsha Wason,UK,Medium
B002978,Damini Deep,UAE,Medium
B002979,Warjas Iyengar,USA,Medium
B002980,Yashica Taneja,USA,Low
B002981,Rajata Narula,UAE,Low
B002982,Mugdha Garde,USA,Medium
B002983,Henry Sama,India,Low
B002984,Ganga Butala,India,Medium
B002985,Victor Bhakta,USA,Medium
B002986,Yatan Swaminathan,Singapore,High
B002987,Tarak Tak,UK,Medium
B002988,Mohini Anne,UAE,Medium
B002989,Ekaja Sule,India,Low
B002990,Advika Palla,UK,Low
B002991,Aadi Sane,Singapore,Low
B002992,Kevin Rege,USA,Medium
B002993,Farhan Verma,India,High
B002994,Chasmum Ghose,Singapore,High
B002995,Jagat Dhawan,UAE,Low
B002996,Odika Sarma,USA,Low
B002997,Anmol Wali,India,Medium
B002998,Hemal Sengupta,USA,Low
B002999,Anjali Chawla,Singapore,Low
B003000,Tanmayi Badami,India,Medium
