entity_id,entity_name,entity_type,country,sanction_source,sanction_category,reason_for_sanction,risk_level,pep_flag,fraudster_flag,blacklist_flag,regulatory_reference,effective_date,expiry_date,status,created_at,updated_at
SANC-10000,Linda Gonzalez,Organization,France,UN_SC,Narcotics Trafficking,Involvement in illicit finance networks linked to Narcotics Trafficking.,CRITICAL,FALSE,TRUE,TRUE,REG-REF-924,2023-01-15,2028-12-31,ACTIVE,2023-01-15 00:00:00,2026-01-01 00:00:00
SANC-10001,Patricia Brown,Entity,France,EU_SANC,Cyber Crime,Involvement in illicit finance networks linked to Cyber Crime.,HIGH,FALSE,TRUE,TRUE,REG-REF-579,2023-01-15,2028-12-31,ACTIVE,2023-01-15 00:00:00,2026-01-01 00:00:00
SANC-10002,David Johnson,Individual,Singapore,EU_SANC,Cyber Crime,Involvement in illicit finance networks linked to Cyber Crime.,HIGH,FALSE,TRUE,TRUE,REG-REF-496,2023-01-15,2028-12-31,ACTIVE,2023-01-15 00:00:00,2026-01-01 00:00:00
SANC-10003,Jennifer Lopez,Organization,United States,OFAC,Proliferation,Involvement in illicit finance networks linked to Proliferation.,CRITICAL,FALSE,TRUE,TRUE,REG-REF-675,2023-01-15,2028-12-31,ACTIVE,2023-01-15 00:00:00,2026-01-01 00:00:00
SANC-10004,David Johnson,Entity,France,UK_HMT,Cyber Crime,Involvement in illicit finance networks linked to Cyber Crime.,CRITICAL,TRUE,TRUE,TRUE,REG-REF-209,2023-01-15,2028-12-31,ACTIVE,2023-01-15 00:00:00,2026-01-01 00:00:00
SANC-10005,James Garcia,Individual,Brazil,UN_SC,Proliferation,Involvement in illicit finance networks linked to Proliferation.,CRITICAL,FALSE,TRUE,TRUE,REG-REF-505,2023-01-15,2028-12-31,ACTIVE,2023-01-15 00:00:00,2026-01-01 00:00:00
SANC-10006,Linda Johnson,Individual,United Kingdom,UN_SC,Cyber Crime,Involvement in illicit finance networks linked to Cyber Crime.,HIGH,FALSE,TRUE,TRUE,REG-REF-957,2023-01-15,2028-12-31,ACTIVE,2023-01-15 00:00:00,2026-01-01 00:00:00
SANC-10007,William Jackson,Vessel,United Kingdom,UN_SC,Proliferation,Involvement in illicit finance networks linked to Proliferation.,HIGH,TRUE,TRUE,TRUE,REG-REF-519,2023-01-15,2028-12-31,ACTIVE,2023-01-15 00:00:00,2026-01-01 00:00:00
SANC-10008,Karen Garcia,Entity,Australia,EU_SANC,Proliferation,Involvement in illicit finance networks linked to Proliferation.,CRITICAL,FALSE,TRUE,TRUE,REG-REF-540,2023-01-15,2028-12-31,ACTIVE,2023-01-15 00:00:00,2026-01-01 00:00:00
SANC-10009,Susan Anderson,Entity,France,OFAC,Terrorism Financing,Involvement in illicit finance networks linked to Terrorism Financing.,CRITICAL,FALSE,TRUE,TRUE,REG-REF-587,2023-01-15,2028-12-31,ACTIVE,2023-01-15 00:00:00,2026-01-01 00:00:00
SANC-10010,Jennifer Jackson,Entity,Brazil,OFAC,Cyber Crime,Involvement in illicit finance networks linked to Cyber Crime.,HIGH,FALSE,TRUE,TRUE,REG-REF-335,2023-01-15,2028-12-31,ACTIVE,2023-01-15 00:00:00,2026-01-01 00:00:00
SANC-10011,David Brown,Vessel,Australia,UK_HMT,Cyber Crime,Involvement in illicit finance networks linked to Cyber Crime.,CRITICAL,FALSE,TRUE,TRUE,REG-REF-496,2023-01-15,2028-12-31,ACTIVE,2023-01-15 00:00:00,2026-01-01 00:00:00
SANC-10012,Patricia Taylor,Entity,Brazil,UK_HMT,Terrorism Financing,Involvement in illicit finance networks linked to Terrorism Financing.,HIGH,FALSE,TRUE,TRUE,REG-REF-971,2023-01-15,2028-12-31,ACTIVE,2023-01-15 00:00:00,2026-01-01 00:00:00
SANC-10013,Susan Hernandez,Entity,Germany,UK_HMT,Terrorism Financing,Involvement in illicit finance networks linked to Terrorism Financing.,HIGH,TRUE,TRUE,TRUE,REG-REF-341,2023-01-15,2028-12-31,ACTIVE,2023-01-15 00:00:00,2026-01-01 00:00:00
SANC-10014,Barbara Miller,Vessel,Singapore,EU_SANC,Terrorism Financing,Involvement in illicit finance networks linked to Terrorism Financing.,HIGH,TRUE,TRUE,TRUE,REG-REF-450,2023-01-15,2028-12-31,ACTIVE,2023-01-15 00:00:00,2026-01-01 00:00:00
SANC-10015,Charles Williams,Vessel,United States,OFAC,Proliferation,Involvement in illicit finance networks linked to Proliferation.,CRITICAL,FALSE,TRUE,TRUE,REG-REF-719,2023-01-15,2028-12-31,ACTIVE,2023-01-15 00:00:00,2026-01-01 00:00:00
SANC-10016,Elizabeth Johnson,Organization,UAE,UK_HMT,Narcotics Trafficking,Involvement in illicit finance networks linked to Narcotics Trafficking.,HIGH,FALSE,TRUE,TRUE,REG-REF-698,2023-01-15,2028-12-31,ACTIVE,2023-01-15 00:00:00,2026-01-01 00:00:00
SANC-10017,Elizabeth Lopez,Entity,United States,UN_SC,Cyber Crime,Involvement in illicit finance networks linked to Cyber Crime.,HIGH,TRUE,TRUE,TRUE,REG-REF-793,2023-01-15,2028-12-31,ACTIVE,2023-01-15 00:00:00,2026-01-01 00:00:00
SANC-10018,Sarah Moore,Entity,United States,EU_SANC,Terrorism Financing,Involvement in illicit finance networks linked to Terrorism Financing.,HIGH,FALSE,TRUE,TRUE,REG-REF-654,2023-01-15,2028-12-31,ACTIVE,2023-01-15 00:00:00,2026-01-01 00:00:00
SANC-10019,Elizabeth Anderson,Entity,United Kingdom,OFAC,Terrorism Financing,Involvement in illicit finance networks linked to Terrorism Financing.,HIGH,TRUE,TRUE,TRUE,REG-REF-743,2023-01-15,2028-12-31,ACTIVE,2023-01-15 00:00:00,2026-01-01 00:00:00
SANC-10020,Jennifer Martinez,Organization,Brazil,EU_SANC,Narcotics Trafficking,Involvement in illicit finance networks linked to Narcotics Trafficking.,HIGH,TRUE,TRUE,TRUE,REG-REF-525,2023-01-15,2028-12-31,ACTIVE,2023-01-15 00:00:00,2026-01-01 00:00:00
SANC-10021,David Anderson,Organization,Singapore,EU_SANC,Cyber Crime,Involvement in illicit finance networks linked to Cyber Crime.,CRITICAL,FALSE,TRUE,TRUE,REG-REF-565,2023-01-15,2028-12-31,ACTIVE,2023-01-15 00:00:00,2026-01-01 00:00:00
SANC-10022,Patricia Williams,Entity,Australia,EU_SANC,Terrorism Financing,Involvement in illicit finance networks linked to Terrorism Financing.,CRITICAL,TRUE,TRUE,TRUE,REG-REF-261,2023-01-15,2028-12-31,ACTIVE,2023-01-15 00:00:00,2026-01-01 00:00:00
SANC-10023,Karen Martinez,Individual,India,OFAC,Narcotics Trafficking,Involvement in illicit finance networks linked to Narcotics Trafficking.,CRITICAL,TRUE,TRUE,TRUE,REG-REF-255,2023-01-15,2028-12-31,ACTIVE,2023-01-15 00:00:00,2026-01-01 00:00:00
SANC-10024,Sarah Taylor,Individual,France,UK_HMT,Proliferation,Involvement in illicit finance networks linked to Proliferation.,HIGH,TRUE,TRUE,TRUE,REG-REF-246,2023-01-15,2028-12-31,ACTIVE,2023-01-15 00:00:00,2026-01-01 00:00:00
SANC-10025,Michael Taylor,Individual,United States,UK_HMT,Proliferation,Involvement in illicit finance networks linked to Proliferation.,HIGH,FALSE,TRUE,TRUE,REG-REF-468,2023-01-15,2028-12-31,ACTIVE,2023-01-15 00:00:00,2026-01-01 00:00:00
SANC-10026,Patricia Garcia,Vessel,Canada,UN_SC,Narcotics Trafficking,Involvement in illicit finance networks linked to Narcotics Trafficking.,HIGH,FALSE,TRUE,TRUE,REG-REF-244,2023-01-15,2028-12-31,ACTIVE,2023-01-15 00:00:00,2026-01-01 00:00:00
SANC-10027,Mary Miller,Organization,Canada,UK_HMT,Cyber Crime,Involvement in illicit finance networks linked to Cyber Crime.,HIGH,FALSE,TRUE,TRUE,REG-REF-846,2023-01-15,2028-12-31,ACTIVE,2023-01-15 00:00:00,2026-01-01 00:00:00
SANC-10028,John Davis,Organization,United States,OFAC,Narcotics Trafficking,Involvement in illicit finance networks linked to Narcotics Trafficking.,CRITICAL,FALSE,TRUE,TRUE,REG-REF-836,2023-01-15,2028-12-31,ACTIVE,2023-01-15 00:00:00,2026-01-01 00:00:00
SANC-10029,Linda Martinez,Organization,France,EU_SANC,Proliferation,Involvement in illicit finance networks linked to Proliferation.,CRITICAL,FALSE,TRUE,TRUE,REG-REF-795,2023-01-15,2028-12-31,ACTIVE,2023-01-15 00:00:00,2026-01-01 00:00:00
SANC-10030,John Martinez,Entity,Singapore,OFAC,Proliferation,Involvement in illicit finance networks linked to Proliferation.,CRITICAL,TRUE,TRUE,TRUE,REG-REF-961,2023-01-15,2028-12-31,ACTIVE,2023-01-15 00:00:00,2026-01-01 00:00:00
SANC-10031,Karen Rodriguez,Entity,Australia,OFAC,Narcotics Trafficking,Involvement in illicit finance networks linked to Narcotics Trafficking.,HIGH,TRUE,TRUE,TRUE,REG-REF-456,2023-01-15,2028-12-31,ACTIVE,2023-01-15 00:00:00,2026-01-01 00:00:00
SANC-10032,Patricia Jackson,Organization,United States,OFAC,Cyber Crime,Involvement in illicit finance networks linked to Cyber Crime.,CRITICAL,FALSE,TRUE,TRUE,REG-REF-900,2023-01-15,2028-12-31,ACTIVE,2023-01-15 00:00:00,2026-01-01 00:00:00
SANC-10033,Elizabeth Martin,Entity,Brazil,EU_SANC,Cyber Crime,Involvement in illicit finance networks linked to Cyber Crime.,HIGH,TRUE,TRUE,TRUE,REG-REF-712,2023-01-15,2028-12-31,ACTIVE,2023-01-15 00:00:00,2026-01-01 00:00:00
SANC-10034,William Jackson,Individual,Singapore,UN_SC,Cyber Crime,Involvement in illicit finance networks linked to Cyber Crime.,CRITICAL,TRUE,TRUE,TRUE,REG-REF-416,2023-01-15,2028-12-31,ACTIVE,2023-01-15 00:00:00,2026-01-01 00:00:00
SANC-10035,Elizabeth Rodriguez,Individual,India,UK_HMT,Proliferation,Involvement in illicit finance networks linked to Proliferation.,CRITICAL,FALSE,TRUE,TRUE,REG-REF-111,2023-01-15,2028-12-31,ACTIVE,2023-01-15 00:00:00,2026-01-01 00:00:00
SANC-10036,Robert Gonzalez,Entity,Germany,UN_SC,Proliferation,Involvement in illicit finance networks linked to Proliferation.,HIGH,FALSE,TRUE,TRUE,REG-REF-859,2023-01-15,2028-12-31,ACTIVE,2023-01-15 00:00:00,2026-01-01 00:00:00
SANC-10037,John Garcia,Individual,India,UN_SC,Proliferation,Involvement in illicit finance networks linked to Proliferation.,HIGH,TRUE,TRUE,TRUE,REG-REF-121,2023-01-15,2028-12-31,ACTIVE,2023-01-15 00:00:00,2026-01-01 00:00:00
SANC-10038,James Lopez,Vessel,Singapore,UK_HMT,Proliferation,Involvement in illicit finance networks linked to Proliferation.,CRITICAL,FALSE,TRUE,TRUE,REG-REF-851,2023-01-15,2028-12-31,ACTIVE,2023-01-15 00:00:00,2026-01-01 00:00:00
SANC-10039,David Jones,Entity,United Kingdom,EU_SANC,Cyber Crime,Involvement in illicit finance networks linked to Cyber Crime.,CRITICAL,FALSE,TRUE,TRUE,REG-REF-340,2023-01-15,2028-12-31,ACTIVE,2023-01-15 00:00:00,2026-01-01 00:00:00
SANC-10040,Sarah Jackson,Vessel,Brazil,EU_SANC,Terrorism Financing,Involvement in illicit finance networks linked to Terrorism Financing.,CRITICAL,TRUE,TRUE,TRUE,REG-REF-394,2023-01-15,2028-12-31,ACTIVE,2023-01-15 00:00:00,2026-01-01 00:00:00
SANC-10041,Elizabeth Williams,Entity,United Kingdom,EU_SANC,Narcotics Trafficking,Involvement in illicit finance networks linked to Narcotics Trafficking.,CRITICAL,FALSE,TRUE,TRUE,REG-REF-308,2023-01-15,2028-12-31,ACTIVE,2023-01-15 00:00:00,2026-01-01 00:00:00
SANC-10042,Jessica Thomas,Individual,Australia,EU_SANC,Cyber Crime,Involvement in illicit finance networks linked to Cyber Crime.,CRITICAL,FALSE,TRUE,TRUE,REG-REF-814,2023-01-15,2028-12-31,ACTIVE,2023-01-15 00:00:00,2026-01-01 00:00:00
SANC-10043,Patricia Garcia,Individual,Singapore,UN_SC,Terrorism Financing,Involvement in illicit finance networks linked to Terrorism Financing.,HIGH,TRUE,TRUE,TRUE,REG-REF-812,2023-01-15,2028-12-31,ACTIVE,2023-01-15 00:00:00,2026-01-01 00:00:00
SANC-10044,Patricia Smith,Organization,Canada,EU_SANC,Narcotics Trafficking,Involvement in illicit finance networks linked to Narcotics Trafficking.,CRITICAL,TRUE,TRUE,TRUE,REG-REF-168,2023-01-15,2028-12-31,ACTIVE,2023-01-15 00:00:00,2026-01-01 00:00:00
SANC-10045,David Martin,Vessel,Canada,UK_HMT,Terrorism Financing,Involvement in illicit finance networks linked to Terrorism Financing.,HIGH,TRUE,TRUE,TRUE,REG-REF-657,2023-01-15,2028-12-31,ACTIVE,2023-01-15 00:00:00,2026-01-01 00:00:00
SANC-10046,Elizabeth Miller,Entity,UAE,EU_SANC,Cyber Crime,Involvement in illicit finance networks linked to Cyber Crime.,CRITICAL,FALSE,TRUE,TRUE,REG-REF-222,2023-01-15,2028-12-31,ACTIVE,2023-01-15 00:00:00,2026-01-01 00:00:00
SANC-10047,Robert Martin,Entity,United Kingdom,EU_SANC,Terrorism Financing,Involvement in illicit finance networks linked to Terrorism Financing.,HIGH,FALSE,TRUE,TRUE,REG-REF-813,2023-01-15,2028-12-31,ACTIVE,2023-01-15 00:00:00,2026-01-01 00:00:00
SANC-10048,Jennifer Lopez,Individual,Brazil,EU_SANC,Proliferation,Involvement in illicit finance networks linked to Proliferation.,HIGH,TRUE,TRUE,TRUE,REG-REF-533,2023-01-15,2028-12-31,ACTIVE,2023-01-15 00:00:00,2026-01-01 00:00:00
SANC-10049,Elizabeth Miller,Vessel,Brazil,EU_SANC,Narcotics Trafficking,Involvement in illicit finance networks linked to Narcotics Trafficking.,HIGH,FALSE,TRUE,TRUE,REG-REF-219,2023-01-15,2028-12-31,ACTIVE,2023-01-15 00:00:00,2026-01-01 00:00:00
SANC-10050,Jennifer Jones,Organization,Australia,OFAC,Narcotics Trafficking,Involvement in illicit finance networks linked to Narcotics Trafficking.,HIGH,FALSE,TRUE,TRUE,REG-REF-372,2023-01-15,2028-12-31,ACTIVE,2023-01-15 00:00:00,2026-01-01 00:00:00
SANC-10051,Patricia Jones,Entity,UAE,UK_HMT,Terrorism Financing,Involvement in illicit finance networks linked to Terrorism Financing.,HIGH,TRUE,TRUE,TRUE,REG-REF-769,2023-01-15,2028-12-31,ACTIVE,2023-01-15 00:00:00,2026-01-01 00:00:00
SANC-10052,David Martinez,Vessel,UAE,UK_HMT,Narcotics Trafficking,Involvement in illicit finance networks linked to Narcotics Trafficking.,CRITICAL,FALSE,TRUE,TRUE,REG-REF-974,2023-01-15,2028-12-31,ACTIVE,2023-01-15 00:00:00,2026-01-01 00:00:00
SANC-10053,Patricia Brown,Organization,United States,EU_SANC,Cyber Crime,Involvement in illicit finance networks linked to Cyber Crime.,HIGH,FALSE,TRUE,TRUE,REG-REF-761,2023-01-15,2028-12-31,ACTIVE,2023-01-15 00:00:00,2026-01-01 00:00:00
SANC-10054,John Rodriguez,Individual,Singapore,EU_SANC,Terrorism Financing,Involvement in illicit finance networks linked to Terrorism Financing.,CRITICAL,FALSE,TRUE,TRUE,REG-REF-972,2023-01-15,2028-12-31,ACTIVE,2023-01-15 00:00:00,2026-01-01 00:00:00
SANC-10055,Richard Thomas,Vessel,India,UK_HMT,Terrorism Financing,Involvement in illicit finance networks linked to Terrorism Financing.,HIGH,FALSE,TRUE,TRUE,REG-REF-973,2023-01-15,2028-12-31,ACTIVE,2023-01-15 00:00:00,2026-01-01 00:00:00
SANC-10056,Thomas Miller,Individual,UAE,UK_HMT,Cyber Crime,Involvement in illicit finance networks linked to Cyber Crime.,HIGH,FALSE,TRUE,TRUE,REG-REF-327,2023-01-15,2028-12-31,ACTIVE,2023-01-15 00:00:00,2026-01-01 00:00:00
SANC-10057,Mary Miller,Entity,France,OFAC,Proliferation,Involvement in illicit finance networks linked to Proliferation.,HIGH,FALSE,TRUE,TRUE,REG-REF-435,2023-01-15,2028-12-31,ACTIVE,2023-01-15 00:00:00,2026-01-01 00:00:00
SANC-10058,Michael Thomas,Vessel,France,UK_HMT,Proliferation,Involvement in illicit finance networks linked to Proliferation.,HIGH,FALSE,TRUE,TRUE,REG-REF-319,2023-01-15,2028-12-31,ACTIVE,2023-01-15 00:00:00,2026-01-01 00:00:00
SANC-10059,James Miller,Vessel,United States,EU_SANC,Cyber Crime,Involvement in illicit finance networks linked to Cyber Crime.,CRITICAL,FALSE,TRUE,TRUE,REG-REF-440,2023-01-15,2028-12-31,ACTIVE,2023-01-15 00:00:00,2026-01-01 00:00:00
SANC-10060,John Smith,Entity,France,UK_HMT,Terrorism Financing,Involvement in illicit finance networks linked to Terrorism Financing.,HIGH,FALSE,TRUE,TRUE,REG-REF-776,2023-01-15,2028-12-31,ACTIVE,2023-01-15 00:00:00,2026-01-01 00:00:00
SANC-10061,Thomas Anderson,Individual,United States,UN_SC,Proliferation,Involvement in illicit finance networks linked to Proliferation.,CRITICAL,FALSE,TRUE,TRUE,REG-REF-829,2023-01-15,2028-12-31,ACTIVE,2023-01-15 00:00:00,2026-01-01 00:00:00
SANC-10062,William Johnson,Individual,India,OFAC,Narcotics Trafficking,Involvement in illicit finance networks linked to Narcotics Trafficking.,HIGH,FALSE,TRUE,TRUE,REG-REF-623,2023-01-15,2028-12-31,ACTIVE,2023-01-15 00:00:00,2026-01-01 00:00:00
SANC-10063,Thomas Martinez,Entity,UAE,UK_HMT,Proliferation,Involvement in illicit finance networks linked to Proliferation.,HIGH,TRUE,TRUE,TRUE,REG-REF-575,2023-01-15,2028-12-31,ACTIVE,2023-01-15 00:00:00,2026-01-01 00:00:00
SANC-10064,John Thomas,Individual,Canada,UK_HMT,Terrorism Financing,Involvement in illicit finance networks linked to Terrorism Financing.,CRITICAL,TRUE,TRUE,TRUE,REG-REF-626,2023-01-15,2028-12-31,ACTIVE,2023-01-15 00:00:00,2026-01-01 00:00:00
SANC-10065,Robert Brown,Vessel,India,UK_HMT,Proliferation,Involvement in illicit finance networks linked to Proliferation.,HIGH,FALSE,TRUE,TRUE,REG-REF-780,2023-01-15,2028-12-31,ACTIVE,2023-01-15 00:00:00,2026-01-01 00:00:00
SANC-10066,Jennifer Williams,Individual,Brazil,EU_SANC,Terrorism Financing,Involvement in illicit finance networks linked to Terrorism Financing.,HIGH,TRUE,TRUE,TRUE,REG-REF-911,2023-01-15,2028-12-31,ACTIVE,2023-01-15 00:00:00,2026-01-01 00:00:00
SANC-10067,Karen Gonzalez,Vessel,United States,UK_HMT,Cyber Crime,Involvement in illicit finance networks linked to Cyber Crime.,HIGH,TRUE,TRUE,TRUE,REG-REF-229,2023-01-15,2028-12-31,ACTIVE,2023-01-15 00:00:00,2026-01-01 00:00:00
SANC-10068,Sarah Martin,Entity,UAE,UK_HMT,Terrorism Financing,Involvement in illicit finance networks linked to Terrorism Financing.,HIGH,FALSE,TRUE,TRUE,REG-REF-667,2023-01-15,2028-12-31,ACTIVE,2023-01-15 00:00:00,2026-01-01 00:00:00
SANC-10069,Mary Martinez,Entity,Brazil,OFAC,Narcotics Trafficking,Involvement in illicit finance networks linked to Narcotics Trafficking.,HIGH,FALSE,TRUE,TRUE,REG-REF-329,2023-01-15,2028-12-31,ACTIVE,2023-01-15 00:00:00,2026-01-01 00:00:00
SANC-10070,John Rodriguez,Individual,Australia,OFAC,Cyber Crime,Involvement in illicit finance networks linked to Cyber Crime.,HIGH,FALSE,TRUE,TRUE,REG-REF-106,2023-01-15,2028-12-31,ACTIVE,2023-01-15 00:00:00,2026-01-01 00:00:00
SANC-10071,Patricia Jackson,Individual,Australia,EU_SANC,Terrorism Financing,Involvement in illicit finance networks linked to Terrorism Financing.,CRITICAL,FALSE,TRUE,TRUE,REG-REF-370,2023-01-15,2028-12-31,ACTIVE,2023-01-15 00:00:00,2026-01-01 00:00:00
SANC-10072,Barbara Rodriguez,Organization,Australia,UN_SC,Cyber Crime,Involvement in illicit finance networks linked to Cyber Crime.,CRITICAL,FALSE,TRUE,TRUE,REG-REF-878,2023-01-15,2028-12-31,ACTIVE,2023-01-15 00:00:00,2026-01-01 00:00:00
SANC-10073,Linda Gonzalez,Vessel,Singapore,OFAC,Terrorism Financing,Involvement in illicit finance networks linked to Terrorism Financing.,HIGH,TRUE,TRUE,TRUE,REG-REF-166,2023-01-15,2028-12-31,ACTIVE,2023-01-15 00:00:00,2026-01-01 00:00:00
SANC-10074,Jessica Wilson,Individual,Germany,UN_SC,Terrorism Financing,Involvement in illicit finance networks linked to Terrorism Financing.,HIGH,FALSE,TRUE,TRUE,REG-REF-159,2023-01-15,2028-12-31,ACTIVE,2023-01-15 00:00:00,2026-01-01 00:00:00
SANC-10075,James Brown,Individual,UAE,UK_HMT,Narcotics Trafficking,Involvement in illicit finance networks linked to Narcotics Trafficking.,HIGH,FALSE,TRUE,TRUE,REG-REF-812,2023-01-15,2028-12-31,ACTIVE,2023-01-15 00:00:00,2026-01-01 00:00:00
SANC-10076,Richard Gonzalez,Individual,France,UK_HMT,Terrorism Financing,Involvement in illicit finance networks linked to Terrorism Financing.,CRITICAL,FALSE,TRUE,TRUE,REG-REF-179,2023-01-15,2028-12-31,ACTIVE,2023-01-15 00:00:00,2026-01-01 00:00:00
SANC-10077,Elizabeth Wilson,Vessel,United Kingdom,UK_HMT,Cyber Crime,Involvement in illicit finance networks linked to Cyber Crime.,HIGH,TRUE,TRUE,TRUE,REG-REF-475,2023-01-15,2028-12-31,ACTIVE,2023-01-15 00:00:00,2026-01-01 00:00:00
SANC-10078,Elizabeth Wilson,Vessel,Brazil,UN_SC,Terrorism Financing,Involvement in illicit finance networks linked to Terrorism Financing.,HIGH,FALSE,TRUE,TRUE,REG-REF-484,2023-01-15,2028-12-31,ACTIVE,2023-01-15 00:00:00,2026-01-01 00:00:00
SANC-10079,Susan Anderson,Vessel,France,UN_SC,Proliferation,Involvement in illicit finance networks linked to Proliferation.,CRITICAL,FALSE,TRUE,TRUE,REG-REF-150,2023-01-15,2028-12-31,ACTIVE,2023-01-15 00:00:00,2026-01-01 00:00:00
SANC-10080,John Martin,Vessel,France,UN_SC,Proliferation,Involvement in illicit finance networks linked to Proliferation.,CRITICAL,TRUE,TRUE,TRUE,REG-REF-235,2023-01-15,2028-12-31,ACTIVE,2023-01-15 00:00:00,2026-01-01 00:00:00
SANC-10081,James Williams,Organization,India,UK_HMT,Narcotics Trafficking,Involvement in illicit finance networks linked to Narcotics Trafficking.,CRITICAL,FALSE,TRUE,TRUE,REG-REF-145,2023-01-15,2028-12-31,ACTIVE,2023-01-15 00:00:00,2026-01-01 00:00:00
SANC-10082,Patricia Rodriguez,Entity,Germany,EU_SANC,Cyber Crime,Involvement in illicit finance networks linked to Cyber Crime.,HIGH,TRUE,TRUE,TRUE,REG-REF-149,2023-01-15,2028-12-31,ACTIVE,2023-01-15 00:00:00,2026-01-01 00:00:00
SANC-10083,Susan Smith,Entity,Singapore,UN_SC,Cyber Crime,Involvement in illicit finance networks linked to Cyber Crime.,HIGH,FALSE,TRUE,TRUE,REG-REF-995,2023-01-15,2028-12-31,ACTIVE,2023-01-15 00:00:00,2026-01-01 00:00:00
SANC-10084,Jessica Davis,Vessel,Germany,OFAC,Terrorism Financing,Involvement in illicit finance networks linked to Terrorism Financing.,CRITICAL,TRUE,TRUE,TRUE,REG-REF-937,2023-01-15,2028-12-31,ACTIVE,2023-01-15 00:00:00,2026-01-01 00:00:00
SANC-10085,Mary Lopez,Vessel,Canada,EU_SANC,Proliferation,Involvement in illicit finance networks linked to Proliferation.,HIGH,TRUE,TRUE,TRUE,REG-REF-733,2023-01-15,2028-12-31,ACTIVE,2023-01-15 00:00:00,2026-01-01 00:00:00
SANC-10086,Patricia Davis,Entity,Brazil,UK_HMT,Proliferation,Involvement in illicit finance networks linked to Proliferation.,HIGH,FALSE,TRUE,TRUE,REG-REF-990,2023-01-15,2028-12-31,ACTIVE,2023-01-15 00:00:00,2026-01-01 00:00:00
SANC-10087,Karen Smith,Entity,United States,OFAC,Cyber Crime,Involvement in illicit finance networks linked to Cyber Crime.,HIGH,FALSE,TRUE,TRUE,REG-REF-337,2023-01-15,2028-12-31,ACTIVE,2023-01-15 00:00:00,2026-01-01 00:00:00
SANC-10088,Patricia Martin,Individual,United Kingdom,EU_SANC,Narcotics Trafficking,Involvement in illicit finance networks linked to Narcotics Trafficking.,CRITICAL,TRUE,TRUE,TRUE,REG-REF-704,2023-01-15,2028-12-31,ACTIVE,2023-01-15 00:00:00,2026-01-01 00:00:00
SANC-10089,Richard Davis,Organization,UAE,EU_SANC,Proliferation,Involvement in illicit finance networks linked to Proliferation.,CRITICAL,FALSE,TRUE,TRUE,REG-REF-556,2023-01-15,2028-12-31,ACTIVE,2023-01-15 00:00:00,2026-01-01 00:00:00
SANC-10090,Robert Hernandez,Individual,Germany,UN_SC,Terrorism Financing,Involvement in illicit finance networks linked to Terrorism Financing.,HIGH,FALSE,TRUE,TRUE,REG-REF-713,2023-01-15,2028-12-31,ACTIVE,2023-01-15 00:00:00,2026-01-01 00:00:00
SANC-10091,James Johnson,Organization,Singapore,EU_SANC,Terrorism Financing,Involvement in illicit finance networks linked to Terrorism Financing.,HIGH,TRUE,TRUE,TRUE,REG-REF-679,2023-01-15,2028-12-31,ACTIVE,2023-01-15 00:00:00,2026-01-01 00:00:00
SANC-10092,Thomas Lopez,Organization,Germany,UN_SC,Cyber Crime,Involvement in illicit finance networks linked to Cyber Crime.,HIGH,FALSE,TRUE,TRUE,REG-REF-275,2023-01-15,2028-12-31,ACTIVE,2023-01-15 00:00:00,2026-01-01 00:00:00
SANC-10093,David Jackson,Individual,Germany,UK_HMT,Narcotics Trafficking,Involvement in illicit finance networks linked to Narcotics Trafficking.,CRITICAL,TRUE,TRUE,TRUE,REG-REF-984,2023-01-15,2028-12-31,ACTIVE,2023-01-15 00:00:00,2026-01-01 00:00:00
SANC-10094,David Martinez,Organization,Brazil,UK_HMT,Proliferation,Involvement in illicit finance networks linked to Proliferation.,CRITICAL,TRUE,TRUE,TRUE,REG-REF-261,2023-01-15,2028-12-31,ACTIVE,2023-01-15 00:00:00,2026-01-01 00:00:00
SANC-10095,Joseph Williams,Vessel,Singapore,EU_SANC,Cyber Crime,Involvement in illicit finance networks linked to Cyber Crime.,HIGH,FALSE,TRUE,TRUE,REG-REF-865,2023-01-15,2028-12-31,ACTIVE,2023-01-15 00:00:00,2026-01-01 00:00:00
SANC-10096,David Thomas,Vessel,Australia,OFAC,Terrorism Financing,Involvement in illicit finance networks linked to Terrorism Financing.,CRITICAL,FALSE,TRUE,TRUE,REG-REF-537,2023-01-15,2028-12-31,ACTIVE,2023-01-15 00:00:00,2026-01-01 00:00:00
SANC-10097,Joseph Taylor,Entity,United Kingdom,EU_SANC,Proliferation,Involvement in illicit finance networks linked to Proliferation.,CRITICAL,TRUE,TRUE,TRUE,REG-REF-474,2023-01-15,2028-12-31,ACTIVE,2023-01-15 00:00:00,2026-01-01 00:00:00
SANC-10098,Barbara Lopez,Vessel,India,UN_SC,Proliferation,Involvement in illicit finance networks linked to Proliferation.,HIGH,TRUE,TRUE,TRUE,REG-REF-307,2023-01-15,2028-12-31,ACTIVE,2023-01-15 00:00:00,2026-01-01 00:00:00
SANC-10099,Sarah Garcia,Organization,Australia,EU_SANC,Proliferation,Involvement in illicit finance networks linked to Proliferation.,CRITICAL,FALSE,TRUE,TRUE,REG-REF-865,2023-01-15,2028-12-31,ACTIVE,2023-01-15 00:00:00,2026-01-01 00:00:00
SANC-10100,Elizabeth Martin,Organization,Brazil,UN_SC,Proliferation,Involvement in illicit finance networks linked to Proliferation.,CRITICAL,TRUE,TRUE,TRUE,REG-REF-296,2023-01-15,2028-12-31,ACTIVE,2023-01-15 00:00:00,2026-01-01 00:00:00
SANC-10101,David Davis,Entity,Singapore,EU_SANC,Narcotics Trafficking,Involvement in illicit finance networks linked to Narcotics Trafficking.,HIGH,TRUE,TRUE,TRUE,REG-REF-411,2023-01-15,2028-12-31,ACTIVE,2023-01-15 00:00:00,2026-01-01 00:00:00
SANC-10102,Elizabeth Thomas,Entity,United States,UN_SC,Cyber Crime,Involvement in illicit finance networks linked to Cyber Crime.,HIGH,FALSE,TRUE,TRUE,REG-REF-932,2023-01-15,2028-12-31,ACTIVE,2023-01-15 00:00:00,2026-01-01 00:00:00
SANC-10103,Sarah Smith,Vessel,Germany,UN_SC,Cyber Crime,Involvement in illicit finance networks linked to Cyber Crime.,CRITICAL,FALSE,TRUE,TRUE,REG-REF-958,2023-01-15,2028-12-31,ACTIVE,2023-01-15 00:00:00,2026-01-01 00:00:00
SANC-10104,Susan Martinez,Organization,UAE,EU_SANC,Cyber Crime,Involvement in illicit finance networks linked to Cyber Crime.,CRITICAL,FALSE,TRUE,TRUE,REG-REF-965,2023-01-15,2028-12-31,ACTIVE,2023-01-15 00:00:00,2026-01-01 00:00:00
SANC-10105,Elizabeth Johnson,Organization,United States,OFAC,Cyber Crime,Involvement in illicit finance networks linked to Cyber Crime.,HIGH,TRUE,TRUE,TRUE,REG-REF-161,2023-01-15,2028-12-31,ACTIVE,2023-01-15 00:00:00,2026-01-01 00:00:00
SANC-10106,John Brown,Individual,Canada,OFAC,Proliferation,Involvement in illicit finance networks linked to Proliferation.,CRITICAL,TRUE,TRUE,TRUE,REG-REF-523,2023-01-15,2028-12-31,ACTIVE,2023-01-15 00:00:00,2026-01-01 00:00:00
SANC-10107,Karen Hernandez,Entity,Canada,EU_SANC,Terrorism Financing,Involvement in illicit finance networks linked to Terrorism Financing.,HIGH,FALSE,TRUE,TRUE,REG-REF-664,2023-01-15,2028-12-31,ACTIVE,2023-01-15 00:00:00,2026-01-01 00:00:00
SANC-10108,Linda Miller,Individual,Canada,UN_SC,Cyber Crime,Involvement in illicit finance networks linked to Cyber Crime.,HIGH,TRUE,TRUE,TRUE,REG-REF-157,2023-01-15,2028-12-31,ACTIVE,2023-01-15 00:00:00,2026-01-01 00:00:00
SANC-10109,Susan Gonzalez,Entity,Brazil,UK_HMT,Terrorism Financing,Involvement in illicit finance networks linked to Terrorism Financing.,HIGH,FALSE,TRUE,TRUE,REG-REF-742,2023-01-15,2028-12-31,ACTIVE,2023-01-15 00:00:00,2026-01-01 00:00:00
SANC-10110,Karen Garcia,Vessel,Brazil,EU_SANC,Narcotics Trafficking,Involvement in illicit finance networks linked to Narcotics Trafficking.,HIGH,TRUE,TRUE,TRUE,REG-REF-511,2023-01-15,2028-12-31,ACTIVE,2023-01-15 00:00:00,2026-01-01 00:00:00
SANC-10111,Karen Johnson,Entity,Brazil,UN_SC,Cyber Crime,Involvement in illicit finance networks linked to Cyber Crime.,HIGH,TRUE,TRUE,TRUE,REG-REF-587,2023-01-15,2028-12-31,ACTIVE,2023-01-15 00:00:00,2026-01-01 00:00:00
SANC-10112,Susan Gonzalez,Entity,United Kingdom,OFAC,Terrorism Financing,Involvement in illicit finance networks linked to Terrorism Financing.,HIGH,FALSE,TRUE,TRUE,REG-REF-191,2023-01-15,2028-12-31,ACTIVE,2023-01-15 00:00:00,2026-01-01 00:00:00
SANC-10113,David Wilson,Individual,United Kingdom,UK_HMT,Narcotics Trafficking,Involvement in illicit finance networks linked to Narcotics Trafficking.,HIGH,FALSE,TRUE,TRUE,REG-REF-393,2023-01-15,2028-12-31,ACTIVE,2023-01-15 00:00:00,2026-01-01 00:00:00
SANC-10114,Elizabeth Thomas,Entity,Germany,UK_HMT,Cyber Crime,Involvement in illicit finance networks linked to Cyber Crime.,HIGH,FALSE,TRUE,TRUE,REG-REF-606,2023-01-15,2028-12-31,ACTIVE,2023-01-15 00:00:00,2026-01-01 00:00:00
SANC-10115,Sarah Jones,Individual,Brazil,UN_SC,Cyber Crime,Involvement in illicit finance networks linked to Cyber Crime.,HIGH,FALSE,TRUE,TRUE,REG-REF-808,2023-01-15,2028-12-31,ACTIVE,2023-01-15 00:00:00,2026-01-01 00:00:00
SANC-10116,Michael Anderson,Vessel,Brazil,EU_SANC,Narcotics Trafficking,Involvement in illicit finance networks linked to Narcotics Trafficking.,HIGH,FALSE,TRUE,TRUE,REG-REF-354,2023-01-15,2028-12-31,ACTIVE,2023-01-15 00:00:00,2026-01-01 00:00:00
SANC-10117,Susan Johnson,Entity,Canada,OFAC,Terrorism Financing,Involvement in illicit finance networks linked to Terrorism Financing.,HIGH,TRUE,TRUE,TRUE,REG-REF-249,2023-01-15,2028-12-31,ACTIVE,2023-01-15 00:00:00,2026-01-01 00:00:00
SANC-10118,Patricia Brown,Individual,Singapore,EU_SANC,Proliferation,Involvement in illicit finance networks linked to Proliferation.,CRITICAL,TRUE,TRUE,TRUE,REG-REF-436,2023-01-15,2028-12-31,ACTIVE,2023-01-15 00:00:00,2026-01-01 00:00:00
SANC-10119,Elizabeth Smith,Organization,India,OFAC,Terrorism Financing,Involvement in illicit finance networks linked to Terrorism Financing.,HIGH,TRUE,TRUE,TRUE,REG-REF-882,2023-01-15,2028-12-31,ACTIVE,2023-01-15 00:00:00,2026-01-01 00:00:00
SANC-10120,James Rodriguez,Organization,Germany,UN_SC,Proliferation,Involvement in illicit finance networks linked to Proliferation.,CRITICAL,TRUE,TRUE,TRUE,REG-REF-690,2023-01-15,2028-12-31,ACTIVE,2023-01-15 00:00:00,2026-01-01 00:00:00
SANC-10121,Thomas Hernandez,Organization,Australia,UN_SC,Proliferation,Involvement in illicit finance networks linked to Proliferation.,CRITICAL,FALSE,TRUE,TRUE,REG-REF-490,2023-01-15,2028-12-31,ACTIVE,2023-01-15 00:00:00,2026-01-01 00:00:00
SANC-10122,Michael Johnson,Organization,Singapore,OFAC,Proliferation,Involvement in illicit finance networks linked to Proliferation.,HIGH,TRUE,TRUE,TRUE,REG-REF-595,2023-01-15,2028-12-31,ACTIVE,2023-01-15 00:00:00,2026-01-01 00:00:00
SANC-10123,William Thomas,Individual,Canada,UK_HMT,Cyber Crime,Involvement in illicit finance networks linked to Cyber Crime.,CRITICAL,TRUE,TRUE,TRUE,REG-REF-724,2023-01-15,2028-12-31,ACTIVE,2023-01-15 00:00:00,2026-01-01 00:00:00
SANC-10124,John Davis,Entity,Singapore,UK_HMT,Cyber Crime,Involvement in illicit finance networks linked to Cyber Crime.,CRITICAL,FALSE,TRUE,TRUE,REG-REF-140,2023-01-15,2028-12-31,ACTIVE,2023-01-15 00:00:00,2026-01-01 00:00:00
SANC-10125,Karen Martin,Entity,UAE,EU_SANC,Terrorism Financing,Involvement in illicit finance networks linked to Terrorism Financing.,CRITICAL,FALSE,TRUE,TRUE,REG-REF-949,2023-01-15,2028-12-31,ACTIVE,2023-01-15 00:00:00,2026-01-01 00:00:00
SANC-10126,Sarah Williams,Individual,Singapore,EU_SANC,Proliferation,Involvement in illicit finance networks linked to Proliferation.,HIGH,FALSE,TRUE,TRUE,REG-REF-271,2023-01-15,2028-12-31,ACTIVE,2023-01-15 00:00:00,2026-01-01 00:00:00
SANC-10127,James Rodriguez,Individual,France,OFAC,Narcotics Trafficking,Involvement in illicit finance networks linked to Narcotics Trafficking.,HIGH,TRUE,TRUE,TRUE,REG-REF-967,2023-01-15,2028-12-31,ACTIVE,2023-01-15 00:00:00,2026-01-01 00:00:00
SANC-10128,Mary Martinez,Vessel,Germany,EU_SANC,Terrorism Financing,Involvement in illicit finance networks linked to Terrorism Financing.,CRITICAL,FALSE,TRUE,TRUE,REG-REF-239,2023-01-15,2028-12-31,ACTIVE,2023-01-15 00:00:00,2026-01-01 00:00:00
SANC-10129,Barbara Johnson,Entity,Singapore,OFAC,Terrorism Financing,Involvement in illicit finance networks linked to Terrorism Financing.,CRITICAL,TRUE,TRUE,TRUE,REG-REF-170,2023-01-15,2028-12-31,ACTIVE,2023-01-15 00:00:00,2026-01-01 00:00:00
SANC-10130,Sarah Thomas,Vessel,India,OFAC,Proliferation,Involvement in illicit finance networks linked to Proliferation.,CRITICAL,FALSE,TRUE,TRUE,REG-REF-765,2023-01-15,2028-12-31,ACTIVE,2023-01-15 00:00:00,2026-01-01 00:00:00
SANC-10131,Sarah Jones,Individual,Canada,UK_HMT,Proliferation,Involvement in illicit finance networks linked to Proliferation.,HIGH,FALSE,TRUE,TRUE,REG-REF-329,2023-01-15,2028-12-31,ACTIVE,2023-01-15 00:00:00,2026-01-01 00:00:00
SANC-10132,Michael Garcia,Entity,UAE,UN_SC,Proliferation,Involvement in illicit finance networks linked to Proliferation.,HIGH,FALSE,TRUE,TRUE,REG-REF-914,2023-01-15,2028-12-31,ACTIVE,2023-01-15 00:00:00,2026-01-01 00:00:00
SANC-10133,Sarah Thomas,Vessel,United Kingdom,EU_SANC,Terrorism Financing,Involvement in illicit finance networks linked to Terrorism Financing.,HIGH,FALSE,TRUE,TRUE,REG-REF-198,2023-01-15,2028-12-31,ACTIVE,2023-01-15 00:00:00,2026-01-01 00:00:00
SANC-10134,James Wilson,Individual,United States,UK_HMT,Proliferation,Involvement in illicit finance networks linked to Proliferation.,HIGH,TRUE,TRUE,TRUE,REG-REF-856,2023-01-15,2028-12-31,ACTIVE,2023-01-15 00:00:00,2026-01-01 00:00:00
SANC-10135,John Wilson,Organization,United Kingdom,OFAC,Proliferation,Involvement in illicit finance networks linked to Proliferation.,HIGH,FALSE,TRUE,TRUE,REG-REF-146,2023-01-15,2028-12-31,ACTIVE,2023-01-15 00:00:00,2026-01-01 00:00:00
SANC-10136,Susan Wilson,Vessel,India,EU_SANC,Proliferation,Involvement in illicit finance networks linked to Proliferation.,CRITICAL,FALSE,TRUE,TRUE,REG-REF-202,2023-01-15,2028-12-31,ACTIVE,2023-01-15 00:00:00,2026-01-01 00:00:00
SANC-10137,Sarah Wilson,Vessel,Singapore,UK_HMT,Proliferation,Involvement in illicit finance networks linked to Proliferation.,HIGH,FALSE,TRUE,TRUE,REG-REF-531,2023-01-15,2028-12-31,ACTIVE,2023-01-15 00:00:00,2026-01-01 00:00:00
SANC-10138,Elizabeth Davis,Entity,Australia,OFAC,Terrorism Financing,Involvement in illicit finance networks linked to Terrorism Financing.,CRITICAL,TRUE,TRUE,TRUE,REG-REF-514,2023-01-15,2028-12-31,ACTIVE,2023-01-15 00:00:00,2026-01-01 00:00:00
SANC-10139,Thomas Jones,Organization,Germany,UN_SC,Proliferation,Involvement in illicit finance networks linked to Proliferation.,HIGH,FALSE,TRUE,TRUE,REG-REF-968,2023-01-15,2028-12-31,ACTIVE,2023-01-15 00:00:00,2026-01-01 00:00:00
SANC-10140,Karen Johnson,Entity,Brazil,OFAC,Terrorism Financing,Involvement in illicit finance networks linked to Terrorism Financing.,HIGH,FALSE,TRUE,TRUE,REG-REF-120,2023-01-15,2028-12-31,ACTIVE,2023-01-15 00:00:00,2026-01-01 00:00:00
SANC-10141,David Lopez,Individual,United States,EU_SANC,Cyber Crime,Involvement in illicit finance networks linked to Cyber Crime.,HIGH,TRUE,TRUE,TRUE,REG-REF-114,2023-01-15,2028-12-31,ACTIVE,2023-01-15 00:00:00,2026-01-01 00:00:00
SANC-10142,James Anderson,Entity,United States,UK_HMT,Proliferation,Involvement in illicit finance networks linked to Proliferation.,HIGH,TRUE,TRUE,TRUE,REG-REF-417,2023-01-15,2028-12-31,ACTIVE,2023-01-15 00:00:00,2026-01-01 00:00:00
SANC-10143,Richard Gonzalez,Vessel,Australia,UN_SC,Proliferation,Involvement in illicit finance networks linked to Proliferation.,CRITICAL,FALSE,TRUE,TRUE,REG-REF-488,2023-01-15,2028-12-31,ACTIVE,2023-01-15 00:00:00,2026-01-01 00:00:00
SANC-10144,Michael Miller,Organization,Germany,UK_HMT,Cyber Crime,Involvement in illicit finance networks linked to Cyber Crime.,HIGH,FALSE,TRUE,TRUE,REG-REF-497,2023-01-15,2028-12-31,ACTIVE,2023-01-15 00:00:00,2026-01-01 00:00:00
SANC-10145,Richard Jones,Individual,Singapore,UK_HMT,Cyber Crime,Involvement in illicit finance networks linked to Cyber Crime.,HIGH,TRUE,TRUE,TRUE,REG-REF-664,2023-01-15,2028-12-31,ACTIVE,2023-01-15 00:00:00,2026-01-01 00:00:00
SANC-10146,Robert Moore,Entity,UAE,UN_SC,Narcotics Trafficking,Involvement in illicit finance networks linked to Narcotics Trafficking.,HIGH,FALSE,TRUE,TRUE,REG-REF-485,2023-01-15,2028-12-31,ACTIVE,2023-01-15 00:00:00,2026-01-01 00:00:00
SANC-10147,David Garcia,Organization,Canada,OFAC,Proliferation,Involvement in illicit finance networks linked to Proliferation.,CRITICAL,FALSE,TRUE,TRUE,REG-REF-625,2023-01-15,2028-12-31,ACTIVE,2023-01-15 00:00:00,2026-01-01 00:00:00
SANC-10148,Charles Davis,Individual,France,EU_SANC,Terrorism Financing,Involvement in illicit finance networks linked to Terrorism Financing.,HIGH,FALSE,TRUE,TRUE,REG-REF-839,2023-01-15,2028-12-31,ACTIVE,2023-01-15 00:00:00,2026-01-01 00:00:00
SANC-10149,Elizabeth Miller,Vessel,UAE,UN_SC,Terrorism Financing,Involvement in illicit finance networks linked to Terrorism Financing.,HIGH,FALSE,TRUE,TRUE,REG-REF-542,2023-01-15,2028-12-31,ACTIVE,2023-01-15 00:00:00,2026-01-01 00:00:00
SANC-10150,James Hernandez,Individual,Brazil,UN_SC,Proliferation,Involvement in illicit finance networks linked to Proliferation.,HIGH,FALSE,TRUE,TRUE,REG-REF-546,2023-01-15,2028-12-31,ACTIVE,2023-01-15 00:00:00,2026-01-01 00:00:00
SANC-10151,Richard Martinez,Individual,Singapore,EU_SANC,Proliferation,Involvement in illicit finance networks linked to Proliferation.,HIGH,FALSE,TRUE,TRUE,REG-REF-379,2023-01-15,2028-12-31,ACTIVE,2023-01-15 00:00:00,2026-01-01 00:00:00
SANC-10152,Thomas Thomas,Organization,Canada,UK_HMT,Cyber Crime,Involvement in illicit finance networks linked to Cyber Crime.,HIGH,FALSE,TRUE,TRUE,REG-REF-949,2023-01-15,2028-12-31,ACTIVE,2023-01-15 00:00:00,2026-01-01 00:00:00
SANC-10153,Patricia Smith,Entity,Singapore,EU_SANC,Narcotics Trafficking,Involvement in illicit finance networks linked to Narcotics Trafficking.,CRITICAL,FALSE,TRUE,TRUE,REG-REF-977,2023-01-15,2028-12-31,ACTIVE,2023-01-15 00:00:00,2026-01-01 00:00:00
SANC-10154,Karen Rodriguez,Organization,Singapore,UK_HMT,Terrorism Financing,Involvement in illicit finance networks linked to Terrorism Financing.,HIGH,TRUE,TRUE,TRUE,REG-REF-853,2023-01-15,2028-12-31,ACTIVE,2023-01-15 00:00:00,2026-01-01 00:00:00
SANC-10155,Sarah Moore,Organization,France,UK_HMT,Terrorism Financing,Involvement in illicit finance networks linked to Terrorism Financing.,CRITICAL,FALSE,TRUE,TRUE,REG-REF-583,2023-01-15,2028-12-31,ACTIVE,2023-01-15 00:00:00,2026-01-01 00:00:00
SANC-10156,Jennifer Davis,Individual,UAE,EU_SANC,Narcotics Trafficking,Involvement in illicit finance networks linked to Narcotics Trafficking.,CRITICAL,TRUE,TRUE,TRUE,REG-REF-420,2023-01-15,2028-12-31,ACTIVE,2023-01-15 00:00:00,2026-01-01 00:00:00
SANC-10157,Susan Miller,Entity,Canada,EU_SANC,Cyber Crime,Involvement in illicit finance networks linked to Cyber Crime.,CRITICAL,FALSE,TRUE,TRUE,REG-REF-629,2023-01-15,2028-12-31,ACTIVE,2023-01-15 00:00:00,2026-01-01 00:00:00
SANC-10158,Robert Hernandez,Entity,France,OFAC,Terrorism Financing,Involvement in illicit finance networks linked to Terrorism Financing.,CRITICAL,FALSE,TRUE,TRUE,REG-REF-899,2023-01-15,2028-12-31,ACTIVE,2023-01-15 00:00:00,2026-01-01 00:00:00
SANC-10159,Thomas Rodriguez,Individual,United States,OFAC,Cyber Crime,Involvement in illicit finance networks linked to Cyber Crime.,CRITICAL,FALSE,TRUE,TRUE,REG-REF-621,2023-01-15,2028-12-31,ACTIVE,2023-01-15 00:00:00,2026-01-01 00:00:00
SANC-10160,Mary Brown,Individual,Australia,UN_SC,Terrorism Financing,Involvement in illicit finance networks linked to Terrorism Financing.,CRITICAL,TRUE,TRUE,TRUE,REG-REF-631,2023-01-15,2028-12-31,ACTIVE,2023-01-15 00:00:00,2026-01-01 00:00:00
SANC-10161,Joseph Miller,Organization,Singapore,OFAC,Cyber Crime,Involvement in illicit finance networks linked to Cyber Crime.,CRITICAL,TRUE,TRUE,TRUE,REG-REF-276,2023-01-15,2028-12-31,ACTIVE,2023-01-15 00:00:00,2026-01-01 00:00:00
SANC-10162,Jessica Thomas,Organization,Australia,UN_SC,Cyber Crime,Involvement in illicit finance networks linked to Cyber Crime.,HIGH,FALSE,TRUE,TRUE,REG-REF-724,2023-01-15,2028-12-31,ACTIVE,2023-01-15 00:00:00,2026-01-01 00:00:00
SANC-10163,Elizabeth Johnson,Individual,Germany,EU_SANC,Cyber Crime,Involvement in illicit finance networks linked to Cyber Crime.,HIGH,FALSE,TRUE,TRUE,REG-REF-120,2023-01-15,2028-12-31,ACTIVE,2023-01-15 00:00:00,2026-01-01 00:00:00
SANC-10164,Joseph Taylor,Entity,Canada,EU_SANC,Narcotics Trafficking,Involvement in illicit finance networks linked to Narcotics Trafficking.,CRITICAL,TRUE,TRUE,TRUE,REG-REF-718,2023-01-15,2028-12-31,ACTIVE,2023-01-15 00:00:00,2026-01-01 00:00:00
SANC-10165,Mary Brown,Entity,Australia,OFAC,Cyber Crime,Involvement in illicit finance networks linked to Cyber Crime.,CRITICAL,TRUE,TRUE,TRUE,REG-REF-852,2023-01-15,2028-12-31,ACTIVE,2023-01-15 00:00:00,2026-01-01 00:00:00
SANC-10166,Michael Jackson,Entity,Canada,UK_HMT,Proliferation,Involvement in illicit finance networks linked to Proliferation.,CRITICAL,FALSE,TRUE,TRUE,REG-REF-461,2023-01-15,2028-12-31,ACTIVE,2023-01-15 00:00:00,2026-01-01 00:00:00
SANC-10167,Elizabeth Moore,Individual,Singapore,EU_SANC,Terrorism Financing,Involvement in illicit finance networks linked to Terrorism Financing.,HIGH,FALSE,TRUE,TRUE,REG-REF-933,2023-01-15,2028-12-31,ACTIVE,2023-01-15 00:00:00,2026-01-01 00:00:00
SANC-10168,Joseph Taylor,Individual,Germany,UN_SC,Narcotics Trafficking,Involvement in illicit finance networks linked to Narcotics Trafficking.,HIGH,FALSE,TRUE,TRUE,REG-REF-694,2023-01-15,2028-12-31,ACTIVE,2023-01-15 00:00:00,2026-01-01 00:00:00
SANC-10169,Linda Johnson,Organization,United States,UN_SC,Proliferation,Involvement in illicit finance networks linked to Proliferation.,HIGH,TRUE,TRUE,TRUE,REG-REF-675,2023-01-15,2028-12-31,ACTIVE,2023-01-15 00:00:00,2026-01-01 00:00:00
SANC-10170,Sarah Davis,Vessel,Singapore,UN_SC,Narcotics Trafficking,Involvement in illicit finance networks linked to Narcotics Trafficking.,HIGH,FALSE,TRUE,TRUE,REG-REF-698,2023-01-15,2028-12-31,ACTIVE,2023-01-15 00:00:00,2026-01-01 00:00:00
SANC-10171,Richard Jackson,Individual,Australia,EU_SANC,Terrorism Financing,Involvement in illicit finance networks linked to Terrorism Financing.,CRITICAL,FALSE,TRUE,TRUE,REG-REF-151,2023-01-15,2028-12-31,ACTIVE,2023-01-15 00:00:00,2026-01-01 00:00:00
SANC-10172,Linda Smith,Organization,Canada,EU_SANC,Cyber Crime,Involvement in illicit finance networks linked to Cyber Crime.,CRITICAL,FALSE,TRUE,TRUE,REG-REF-651,2023-01-15,2028-12-31,ACTIVE,2023-01-15 00:00:00,2026-01-01 00:00:00
SANC-10173,Susan Taylor,Individual,Singapore,UN_SC,Narcotics Trafficking,Involvement in illicit finance networks linked to Narcotics Trafficking.,HIGH,FALSE,TRUE,TRUE,REG-REF-291,2023-01-15,2028-12-31,ACTIVE,2023-01-15 00:00:00,2026-01-01 00:00:00
SANC-10174,Thomas Hernandez,Organization,France,UK_HMT,Cyber Crime,Involvement in illicit finance networks linked to Cyber Crime.,HIGH,FALSE,TRUE,TRUE,REG-REF-838,2023-01-15,2028-12-31,ACTIVE,2023-01-15 00:00:00,2026-01-01 00:00:00
SANC-10175,William Davis,Entity,United States,UK_HMT,Narcotics Trafficking,Involvement in illicit finance networks linked to Narcotics Trafficking.,CRITICAL,FALSE,TRUE,TRUE,REG-REF-737,2023-01-15,2028-12-31,ACTIVE,2023-01-15 00:00:00,2026-01-01 00:00:00
SANC-10176,Barbara Miller,Entity,Germany,EU_SANC,Cyber Crime,Involvement in illicit finance networks linked to Cyber Crime.,CRITICAL,FALSE,TRUE,TRUE,REG-REF-265,2023-01-15,2028-12-31,ACTIVE,2023-01-15 00:00:00,2026-01-01 00:00:00
SANC-10177,Karen Smith,Vessel,Singapore,UK_HMT,Proliferation,Involvement in illicit finance networks linked to Proliferation.,CRITICAL,FALSE,TRUE,TRUE,REG-REF-358,2023-01-15,2028-12-31,ACTIVE,2023-01-15 00:00:00,2026-01-01 00:00:00
SANC-10178,Charles Martin,Organization,Brazil,UN_SC,Narcotics Trafficking,Involvement in illicit finance networks linked to Narcotics Trafficking.,HIGH,TRUE,TRUE,TRUE,REG-REF-639,2023-01-15,2028-12-31,ACTIVE,2023-01-15 00:00:00,2026-01-01 00:00:00
SANC-10179,William Thomas,Vessel,United Kingdom,EU_SANC,Proliferation,Involvement in illicit finance networks linked to Proliferation.,HIGH,FALSE,TRUE,TRUE,REG-REF-148,2023-01-15,2028-12-31,ACTIVE,2023-01-15 00:00:00,2026-01-01 00:00:00
SANC-10180,Barbara Brown,Individual,Canada,UK_HMT,Cyber Crime,Involvement in illicit finance networks linked to Cyber Crime.,CRITICAL,FALSE,TRUE,TRUE,REG-REF-725,2023-01-15,2028-12-31,ACTIVE,2023-01-15 00:00:00,2026-01-01 00:00:00
SANC-10181,Patricia Taylor,Individual,Germany,EU_SANC,Cyber Crime,Involvement in illicit finance networks linked to Cyber Crime.,CRITICAL,FALSE,TRUE,TRUE,REG-REF-756,2023-01-15,2028-12-31,ACTIVE,2023-01-15 00:00:00,2026-01-01 00:00:00
SANC-10182,Thomas Jones,Individual,Canada,EU_SANC,Cyber Crime,Involvement in illicit finance networks linked to Cyber Crime.,HIGH,FALSE,TRUE,TRUE,REG-REF-578,2023-01-15,2028-12-31,ACTIVE,2023-01-15 00:00:00,2026-01-01 00:00:00
SANC-10183,Linda Rodriguez,Organization,Brazil,OFAC,Narcotics Trafficking,Involvement in illicit finance networks linked to Narcotics Trafficking.,CRITICAL,FALSE,TRUE,TRUE,REG-REF-718,2023-01-15,2028-12-31,ACTIVE,2023-01-15 00:00:00,2026-01-01 00:00:00
SANC-10184,David Moore,Individual,Brazil,UK_HMT,Terrorism Financing,Involvement in illicit finance networks linked to Terrorism Financing.,CRITICAL,TRUE,TRUE,TRUE,REG-REF-598,2023-01-15,2028-12-31,ACTIVE,2023-01-15 00:00:00,2026-01-01 00:00:00
SANC-10185,Sarah Smith,Entity,India,UK_HMT,Narcotics Trafficking,Involvement in illicit finance networks linked to Narcotics Trafficking.,CRITICAL,FALSE,TRUE,TRUE,REG-REF-713,2023-01-15,2028-12-31,ACTIVE,2023-01-15 00:00:00,2026-01-01 00:00:00
SANC-10186,Karen Lopez,Organization,United Kingdom,OFAC,Proliferation,Involvement in illicit finance networks linked to Proliferation.,CRITICAL,FALSE,TRUE,TRUE,REG-REF-698,2023-01-15,2028-12-31,ACTIVE,2023-01-15 00:00:00,2026-01-01 00:00:00
SANC-10187,Barbara Davis,Vessel,France,UN_SC,Terrorism Financing,Involvement in illicit finance networks linked to Terrorism Financing.,CRITICAL,FALSE,TRUE,TRUE,REG-REF-742,2023-01-15,2028-12-31,ACTIVE,2023-01-15 00:00:00,2026-01-01 00:00:00
SANC-10188,David Thomas,Organization,Brazil,UK_HMT,Proliferation,Involvement in illicit finance networks linked to Proliferation.,CRITICAL,TRUE,TRUE,TRUE,REG-REF-422,2023-01-15,2028-12-31,ACTIVE,2023-01-15 00:00:00,2026-01-01 00:00:00
SANC-10189,Robert Brown,Entity,France,OFAC,Narcotics Trafficking,Involvement in illicit finance networks linked to Narcotics Trafficking.,HIGH,TRUE,TRUE,TRUE,REG-REF-983,2023-01-15,2028-12-31,ACTIVE,2023-01-15 00:00:00,2026-01-01 00:00:00
SANC-10190,David Moore,Individual,Australia,OFAC,Narcotics Trafficking,Involvement in illicit finance networks linked to Narcotics Trafficking.,HIGH,FALSE,TRUE,TRUE,REG-REF-439,2023-01-15,2028-12-31,ACTIVE,2023-01-15 00:00:00,2026-01-01 00:00:00
SANC-10191,Barbara Moore,Entity,Brazil,UN_SC,Terrorism Financing,Involvement in illicit finance networks linked to Terrorism Financing.,HIGH,FALSE,TRUE,TRUE,REG-REF-606,2023-01-15,2028-12-31,ACTIVE,2023-01-15 00:00:00,2026-01-01 00:00:00
SANC-10192,Linda Taylor,Entity,Brazil,EU_SANC,Cyber Crime,Involvement in illicit finance networks linked to Cyber Crime.,HIGH,FALSE,TRUE,TRUE,REG-REF-464,2023-01-15,2028-12-31,ACTIVE,2023-01-15 00:00:00,2026-01-01 00:00:00
SANC-10193,Charles Moore,Vessel,France,UN_SC,Terrorism Financing,Involvement in illicit finance networks linked to Terrorism Financing.,HIGH,FALSE,TRUE,TRUE,REG-REF-610,2023-01-15,2028-12-31,ACTIVE,2023-01-15 00:00:00,2026-01-01 00:00:00
SANC-10194,Mary Thomas,Entity,Germany,EU_SANC,Proliferation,Involvement in illicit finance networks linked to Proliferation.,HIGH,FALSE,TRUE,TRUE,REG-REF-625,2023-01-15,2028-12-31,ACTIVE,2023-01-15 00:00:00,2026-01-01 00:00:00
SANC-10195,David Hernandez,Individual,Brazil,UK_HMT,Narcotics Trafficking,Involvement in illicit finance networks linked to Narcotics Trafficking.,HIGH,FALSE,TRUE,TRUE,REG-REF-146,2023-01-15,2028-12-31,ACTIVE,2023-01-15 00:00:00,2026-01-01 00:00:00
SANC-10196,Jessica Davis,Entity,France,UN_SC,Cyber Crime,Involvement in illicit finance networks linked to Cyber Crime.,HIGH,TRUE,TRUE,TRUE,REG-REF-206,2023-01-15,2028-12-31,ACTIVE,2023-01-15 00:00:00,2026-01-01 00:00:00
SANC-10197,James Jones,Vessel,Brazil,OFAC,Cyber Crime,Involvement in illicit finance networks linked to Cyber Crime.,CRITICAL,FALSE,TRUE,TRUE,REG-REF-259,2023-01-15,2028-12-31,ACTIVE,2023-01-15 00:00:00,2026-01-01 00:00:00
SANC-10198,Karen Smith,Individual,UAE,OFAC,Cyber Crime,Involvement in illicit finance networks linked to Cyber Crime.,HIGH,TRUE,TRUE,TRUE,REG-REF-611,2023-01-15,2028-12-31,ACTIVE,2023-01-15 00:00:00,2026-01-01 00:00:00
SANC-10199,Sarah Williams,Organization,United States,UN_SC,Narcotics Trafficking,Involvement in illicit finance networks linked to Narcotics Trafficking.,HIGH,FALSE,TRUE,TRUE,REG-REF-385,2023-01-15,2028-12-31,ACTIVE,2023-01-15 00:00:00,2026-01-01 00:00:00
SANC-10200,David Martinez,Individual,Australia,EU_SANC,Terrorism Financing,Involvement in illicit finance networks linked to Terrorism Financing.,CRITICAL,FALSE,TRUE,TRUE,REG-REF-208,2023-01-15,2028-12-31,ACTIVE,2023-01-15 00:00:00,2026-01-01 00:00:00
SANC-10201,Mary Hernandez,Organization,Australia,UN_SC,Cyber Crime,Involvement in illicit finance networks linked to Cyber Crime.,HIGH,FALSE,TRUE,TRUE,REG-REF-677,2023-01-15,2028-12-31,ACTIVE,2023-01-15 00:00:00,2026-01-01 00:00:00
SANC-10202,Linda Wilson,Organization,Germany,OFAC,Narcotics Trafficking,Involvement in illicit finance networks linked to Narcotics Trafficking.,HIGH,FALSE,TRUE,TRUE,REG-REF-435,2023-01-15,2028-12-31,ACTIVE,2023-01-15 00:00:00,2026-01-01 00:00:00
SANC-10203,Thomas Wilson,Individual,United Kingdom,OFAC,Cyber Crime,Involvement in illicit finance networks linked to Cyber Crime.,HIGH,FALSE,TRUE,TRUE,REG-REF-868,2023-01-15,2028-12-31,ACTIVE,2023-01-15 00:00:00,2026-01-01 00:00:00
SANC-10204,Thomas Martinez,Entity,Germany,OFAC,Narcotics Trafficking,Involvement in illicit finance networks linked to Narcotics Trafficking.,CRITICAL,FALSE,TRUE,TRUE,REG-REF-778,2023-01-15,2028-12-31,ACTIVE,2023-01-15 00:00:00,2026-01-01 00:00:00
SANC-10205,William Williams,Entity,Australia,OFAC,Terrorism Financing,Involvement in illicit finance networks linked to Terrorism Financing.,HIGH,FALSE,TRUE,TRUE,REG-REF-930,2023-01-15,2028-12-31,ACTIVE,2023-01-15 00:00:00,2026-01-01 00:00:00
SANC-10206,John Brown,Entity,United Kingdom,EU_SANC,Cyber Crime,Involvement in illicit finance networks linked to Cyber Crime.,HIGH,FALSE,TRUE,TRUE,REG-REF-519,2023-01-15,2028-12-31,ACTIVE,2023-01-15 00:00:00,2026-01-01 00:00:00
SANC-10207,Sarah Smith,Organization,UAE,UK_HMT,Narcotics Trafficking,Involvement in illicit finance networks linked to Narcotics Trafficking.,HIGH,FALSE,TRUE,TRUE,REG-REF-850,2023-01-15,2028-12-31,ACTIVE,2023-01-15 00:00:00,2026-01-01 00:00:00
SANC-10208,David Lopez,Vessel,Canada,OFAC,Proliferation,Involvement in illicit finance networks linked to Proliferation.,CRITICAL,TRUE,TRUE,TRUE,REG-REF-174,2023-01-15,2028-12-31,ACTIVE,2023-01-15 00:00:00,2026-01-01 00:00:00
SANC-10209,Patricia Gonzalez,Organization,UAE,EU_SANC,Narcotics Trafficking,Involvement in illicit finance networks linked to Narcotics Trafficking.,CRITICAL,FALSE,TRUE,TRUE,REG-REF-801,2023-01-15,2028-12-31,ACTIVE,2023-01-15 00:00:00,2026-01-01 00:00:00
SANC-10210,Joseph Lopez,Vessel,Singapore,UK_HMT,Proliferation,Involvement in illicit finance networks linked to Proliferation.,CRITICAL,FALSE,TRUE,TRUE,REG-REF-616,2023-01-15,2028-12-31,ACTIVE,2023-01-15 00:00:00,2026-01-01 00:00:00
SANC-10211,Karen Jackson,Organization,UAE,UN_SC,Proliferation,Involvement in illicit finance networks linked to Proliferation.,HIGH,FALSE,TRUE,TRUE,REG-REF-397,2023-01-15,2028-12-31,ACTIVE,2023-01-15 00:00:00,2026-01-01 00:00:00
SANC-10212,John Moore,Entity,United States,OFAC,Terrorism Financing,Involvement in illicit finance networks linked to Terrorism Financing.,HIGH,FALSE,TRUE,TRUE,REG-REF-643,2023-01-15,2028-12-31,ACTIVE,2023-01-15 00:00:00,2026-01-01 00:00:00
SANC-10213,Susan Thomas,Organization,United Kingdom,UK_HMT,Terrorism Financing,Involvement in illicit finance networks linked to Terrorism Financing.,HIGH,FALSE,TRUE,TRUE,REG-REF-156,2023-01-15,2028-12-31,ACTIVE,2023-01-15 00:00:00,2026-01-01 00:00:00
SANC-10214,James Martinez,Vessel,United States,UN_SC,Cyber Crime,Involvement in illicit finance networks linked to Cyber Crime.,HIGH,FALSE,TRUE,TRUE,REG-REF-775,2023-01-15,2028-12-31,ACTIVE,2023-01-15 00:00:00,2026-01-01 00:00:00
SANC-10215,Karen Moore,Vessel,United States,UN_SC,Terrorism Financing,Involvement in illicit finance networks linked to Terrorism Financing.,HIGH,TRUE,TRUE,TRUE,REG-REF-268,2023-01-15,2028-12-31,ACTIVE,2023-01-15 00:00:00,2026-01-01 00:00:00
SANC-10216,William Wilson,Vessel,Canada,UK_HMT,Cyber Crime,Involvement in illicit finance networks linked to Cyber Crime.,CRITICAL,FALSE,TRUE,TRUE,REG-REF-412,2023-01-15,2028-12-31,ACTIVE,2023-01-15 00:00:00,2026-01-01 00:00:00
SANC-10217,Jennifer Williams,Entity,India,EU_SANC,Proliferation,Involvement in illicit finance networks linked to Proliferation.,HIGH,FALSE,TRUE,TRUE,REG-REF-701,2023-01-15,2028-12-31,ACTIVE,2023-01-15 00:00:00,2026-01-01 00:00:00
SANC-10218,Elizabeth Smith,Entity,Brazil,UN_SC,Narcotics Trafficking,Involvement in illicit finance networks linked to Narcotics Trafficking.,HIGH,FALSE,TRUE,TRUE,REG-REF-191,2023-01-15,2028-12-31,ACTIVE,2023-01-15 00:00:00,2026-01-01 00:00:00
SANC-10219,Joseph Hernandez,Organization,United States,UN_SC,Proliferation,Involvement in illicit finance networks linked to Proliferation.,HIGH,FALSE,TRUE,TRUE,REG-REF-899,2023-01-15,2028-12-31,ACTIVE,2023-01-15 00:00:00,2026-01-01 00:00:00
SANC-10220,Patricia Thomas,Organization,India,EU_SANC,Proliferation,Involvement in illicit finance networks linked to Proliferation.,HIGH,TRUE,TRUE,TRUE,REG-REF-696,2023-01-15,2028-12-31,ACTIVE,2023-01-15 00:00:00,2026-01-01 00:00:00
SANC-10221,Thomas Lopez,Individual,Canada,OFAC,Narcotics Trafficking,Involvement in illicit finance networks linked to Narcotics Trafficking.,HIGH,TRUE,TRUE,TRUE,REG-REF-912,2023-01-15,2028-12-31,ACTIVE,2023-01-15 00:00:00,2026-01-01 00:00:00
SANC-10222,Mary Jones,Entity,Australia,OFAC,Cyber Crime,Involvement in illicit finance networks linked to Cyber Crime.,HIGH,TRUE,TRUE,TRUE,REG-REF-552,2023-01-15,2028-12-31,ACTIVE,2023-01-15 00:00:00,2026-01-01 00:00:00
SANC-10223,Elizabeth Wilson,Entity,Singapore,UK_HMT,Narcotics Trafficking,Involvement in illicit finance networks linked to Narcotics Trafficking.,CRITICAL,TRUE,TRUE,TRUE,REG-REF-374,2023-01-15,2028-12-31,ACTIVE,2023-01-15 00:00:00,2026-01-01 00:00:00
SANC-10224,Elizabeth Hernandez,Entity,Australia,UK_HMT,Narcotics Trafficking,Involvement in illicit finance networks linked to Narcotics Trafficking.,CRITICAL,FALSE,TRUE,TRUE,REG-REF-611,2023-01-15,2028-12-31,ACTIVE,2023-01-15 00:00:00,2026-01-01 00:00:00
SANC-10225,Thomas Moore,Entity,United States,UK_HMT,Narcotics Trafficking,Involvement in illicit finance networks linked to Narcotics Trafficking.,HIGH,FALSE,TRUE,TRUE,REG-REF-946,2023-01-15,2028-12-31,ACTIVE,2023-01-15 00:00:00,2026-01-01 00:00:00
SANC-10226,Michael Brown,Vessel,Brazil,UN_SC,Terrorism Financing,Involvement in illicit finance networks linked to Terrorism Financing.,HIGH,TRUE,TRUE,TRUE,REG-REF-548,2023-01-15,2028-12-31,ACTIVE,2023-01-15 00:00:00,2026-01-01 00:00:00
SANC-10227,James Williams,Organization,France,EU_SANC,Terrorism Financing,Involvement in illicit finance networks linked to Terrorism Financing.,CRITICAL,FALSE,TRUE,TRUE,REG-REF-621,2023-01-15,2028-12-31,ACTIVE,2023-01-15 00:00:00,2026-01-01 00:00:00
SANC-10228,Elizabeth Smith,Individual,Germany,OFAC,Narcotics Trafficking,Involvement in illicit finance networks linked to Narcotics Trafficking.,HIGH,FALSE,TRUE,TRUE,REG-REF-837,2023-01-15,2028-12-31,ACTIVE,2023-01-15 00:00:00,2026-01-01 00:00:00
SANC-10229,William Jackson,Vessel,United States,UK_HMT,Cyber Crime,Involvement in illicit finance networks linked to Cyber Crime.,HIGH,FALSE,TRUE,TRUE,REG-REF-408,2023-01-15,2028-12-31,ACTIVE,2023-01-15 00:00:00,2026-01-01 00:00:00
SANC-10230,Susan Hernandez,Individual,Canada,UN_SC,Cyber Crime,Involvement in illicit finance networks linked to Cyber Crime.,HIGH,TRUE,TRUE,TRUE,REG-REF-946,2023-01-15,2028-12-31,ACTIVE,2023-01-15 00:00:00,2026-01-01 00:00:00
SANC-10231,Karen Miller,Organization,Germany,UK_HMT,Narcotics Trafficking,Involvement in illicit finance networks linked to Narcotics Trafficking.,HIGH,TRUE,TRUE,TRUE,REG-REF-895,2023-01-15,2028-12-31,ACTIVE,2023-01-15 00:00:00,2026-01-01 00:00:00
SANC-10232,Charles Williams,Vessel,Brazil,UK_HMT,Cyber Crime,Involvement in illicit finance networks linked to Cyber Crime.,HIGH,TRUE,TRUE,TRUE,REG-REF-789,2023-01-15,2028-12-31,ACTIVE,2023-01-15 00:00:00,2026-01-01 00:00:00
SANC-10233,Mary Martin,Vessel,Germany,UN_SC,Proliferation,Involvement in illicit finance networks linked to Proliferation.,CRITICAL,TRUE,TRUE,TRUE,REG-REF-556,2023-01-15,2028-12-31,ACTIVE,2023-01-15 00:00:00,2026-01-01 00:00:00
SANC-10234,Elizabeth Lopez,Individual,UAE,UN_SC,Proliferation,Involvement in illicit finance networks linked to Proliferation.,HIGH,FALSE,TRUE,TRUE,REG-REF-870,2023-01-15,2028-12-31,ACTIVE,2023-01-15 00:00:00,2026-01-01 00:00:00
SANC-10235,James Jones,Vessel,United Kingdom,UN_SC,Cyber Crime,Involvement in illicit finance networks linked to Cyber Crime.,CRITICAL,FALSE,TRUE,TRUE,REG-REF-426,2023-01-15,2028-12-31,ACTIVE,2023-01-15 00:00:00,2026-01-01 00:00:00
SANC-10236,Joseph Taylor,Organization,Singapore,EU_SANC,Proliferation,Involvement in illicit finance networks linked to Proliferation.,CRITICAL,FALSE,TRUE,TRUE,REG-REF-632,2023-01-15,2028-12-31,ACTIVE,2023-01-15 00:00:00,2026-01-01 00:00:00
SANC-10237,David Jackson,Entity,Singapore,OFAC,Narcotics Trafficking,Involvement in illicit finance networks linked to Narcotics Trafficking.,CRITICAL,TRUE,TRUE,TRUE,REG-REF-127,2023-01-15,2028-12-31,ACTIVE,2023-01-15 00:00:00,2026-01-01 00:00:00
SANC-10238,Thomas Williams,Organization,Brazil,EU_SANC,Terrorism Financing,Involvement in illicit finance networks linked to Terrorism Financing.,HIGH,FALSE,TRUE,TRUE,REG-REF-971,2023-01-15,2028-12-31,ACTIVE,2023-01-15 00:00:00,2026-01-01 00:00:00
SANC-10239,Robert Brown,Individual,United Kingdom,EU_SANC,Proliferation,Involvement in illicit finance networks linked to Proliferation.,CRITICAL,FALSE,TRUE,TRUE,REG-REF-854,2023-01-15,2028-12-31,ACTIVE,2023-01-15 00:00:00,2026-01-01 00:00:00
SANC-10240,Jennifer Garcia,Vessel,United States,UK_HMT,Proliferation,Involvement in illicit finance networks linked to Proliferation.,CRITICAL,FALSE,TRUE,TRUE,REG-REF-358,2023-01-15,2028-12-31,ACTIVE,2023-01-15 00:00:00,2026-01-01 00:00:00
SANC-10241,Joseph Miller,Vessel,United Kingdom,UK_HMT,Narcotics Trafficking,Involvement in illicit finance networks linked to Narcotics Trafficking.,CRITICAL,FALSE,TRUE,TRUE,REG-REF-850,2023-01-15,2028-12-31,ACTIVE,2023-01-15 00:00:00,2026-01-01 00:00:00
SANC-10242,Michael Johnson,Organization,France,EU_SANC,Cyber Crime,Involvement in illicit finance networks linked to Cyber Crime.,HIGH,TRUE,TRUE,TRUE,REG-REF-258,2023-01-15,2028-12-31,ACTIVE,2023-01-15 00:00:00,2026-01-01 00:00:00
SANC-10243,Thomas Jones,Organization,France,UN_SC,Terrorism Financing,Involvement in illicit finance networks linked to Terrorism Financing.,CRITICAL,FALSE,TRUE,TRUE,REG-REF-895,2023-01-15,2028-12-31,ACTIVE,2023-01-15 00:00:00,2026-01-01 00:00:00
SANC-10244,Sarah Jackson,Organization,Singapore,UK_HMT,Narcotics Trafficking,Involvement in illicit finance networks linked to Narcotics Trafficking.,CRITICAL,FALSE,TRUE,TRUE,REG-REF-806,2023-01-15,2028-12-31,ACTIVE,2023-01-15 00:00:00,2026-01-01 00:00:00
SANC-10245,Jessica Brown,Vessel,France,UN_SC,Terrorism Financing,Involvement in illicit finance networks linked to Terrorism Financing.,HIGH,FALSE,TRUE,TRUE,REG-REF-374,2023-01-15,2028-12-31,ACTIVE,2023-01-15 00:00:00,2026-01-01 00:00:00
SANC-10246,Charles Jones,Individual,Canada,EU_SANC,Terrorism Financing,Involvement in illicit finance networks linked to Terrorism Financing.,CRITICAL,FALSE,TRUE,TRUE,REG-REF-815,2023-01-15,2028-12-31,ACTIVE,2023-01-15 00:00:00,2026-01-01 00:00:00
SANC-10247,Jennifer Martin,Organization,United States,OFAC,Narcotics Trafficking,Involvement in illicit finance networks linked to Narcotics Trafficking.,CRITICAL,TRUE,TRUE,TRUE,REG-REF-425,2023-01-15,2028-12-31,ACTIVE,2023-01-15 00:00:00,2026-01-01 00:00:00
SANC-10248,Charles Miller,Entity,France,OFAC,Terrorism Financing,Involvement in illicit finance networks linked to Terrorism Financing.,HIGH,FALSE,TRUE,TRUE,REG-REF-631,2023-01-15,2028-12-31,ACTIVE,2023-01-15 00:00:00,2026-01-01 00:00:00
SANC-10249,Thomas Garcia,Individual,Canada,UK_HMT,Cyber Crime,Involvement in illicit finance networks linked to Cyber Crime.,HIGH,FALSE,TRUE,TRUE,REG-REF-520,2023-01-15,2028-12-31,ACTIVE,2023-01-15 00:00:00,2026-01-01 00:00:00
SANC-10250,Charles Taylor,Organization,India,UK_HMT,Narcotics Trafficking,Involvement in illicit finance networks linked to Narcotics Trafficking.,HIGH,TRUE,TRUE,TRUE,REG-REF-279,2023-01-15,2028-12-31,ACTIVE,2023-01-15 00:00:00,2026-01-01 00:00:00
SANC-10251,Robert Rodriguez,Vessel,United Kingdom,EU_SANC,Proliferation,Involvement in illicit finance networks linked to Proliferation.,CRITICAL,TRUE,TRUE,TRUE,REG-REF-617,2023-01-15,2028-12-31,ACTIVE,2023-01-15 00:00:00,2026-01-01 00:00:00
SANC-10252,Sarah Anderson,Vessel,Canada,UN_SC,Proliferation,Involvement in illicit finance networks linked to Proliferation.,CRITICAL,FALSE,TRUE,TRUE,REG-REF-838,2023-01-15,2028-12-31,ACTIVE,2023-01-15 00:00:00,2026-01-01 00:00:00
SANC-10253,Jennifer Wilson,Organization,Singapore,EU_SANC,Narcotics Trafficking,Involvement in illicit finance networks linked to Narcotics Trafficking.,CRITICAL,FALSE,TRUE,TRUE,REG-REF-243,2023-01-15,2028-12-31,ACTIVE,2023-01-15 00:00:00,2026-01-01 00:00:00
SANC-10254,Karen Jones,Vessel,Canada,OFAC,Narcotics Trafficking,Involvement in illicit finance networks linked to Narcotics Trafficking.,CRITICAL,FALSE,TRUE,TRUE,REG-REF-210,2023-01-15,2028-12-31,ACTIVE,2023-01-15 00:00:00,2026-01-01 00:00:00
SANC-10255,David Martinez,Individual,United Kingdom,OFAC,Cyber Crime,Involvement in illicit finance networks linked to Cyber Crime.,HIGH,TRUE,TRUE,TRUE,REG-REF-399,2023-01-15,2028-12-31,ACTIVE,2023-01-15 00:00:00,2026-01-01 00:00:00
SANC-10256,James Moore,Vessel,United Kingdom,OFAC,Terrorism Financing,Involvement in illicit finance networks linked to Terrorism Financing.,HIGH,FALSE,TRUE,TRUE,REG-REF-501,2023-01-15,2028-12-31,ACTIVE,2023-01-15 00:00:00,2026-01-01 00:00:00
SANC-10257,Linda Hernandez,Individual,UAE,UN_SC,Narcotics Trafficking,Involvement in illicit finance networks linked to Narcotics Trafficking.,CRITICAL,FALSE,TRUE,TRUE,REG-REF-211,2023-01-15,2028-12-31,ACTIVE,2023-01-15 00:00:00,2026-01-01 00:00:00
SANC-10258,Jessica Wilson,Vessel,India,EU_SANC,Cyber Crime,Involvement in illicit finance networks linked to Cyber Crime.,CRITICAL,TRUE,TRUE,TRUE,REG-REF-814,2023-01-15,2028-12-31,ACTIVE,2023-01-15 00:00:00,2026-01-01 00:00:00
SANC-10259,Richard Johnson,Vessel,Canada,UK_HMT,Terrorism Financing,Involvement in illicit finance networks linked to Terrorism Financing.,HIGH,TRUE,TRUE,TRUE,REG-REF-240,2023-01-15,2028-12-31,ACTIVE,2023-01-15 00:00:00,2026-01-01 00:00:00
SANC-10260,Susan Thomas,Entity,United States,UN_SC,Proliferation,Involvement in illicit finance networks linked to Proliferation.,HIGH,TRUE,TRUE,TRUE,REG-REF-918,2023-01-15,2028-12-31,ACTIVE,2023-01-15 00:00:00,2026-01-01 00:00:00
SANC-10261,Charles Martinez,Entity,Australia,OFAC,Terrorism Financing,Involvement in illicit finance networks linked to Terrorism Financing.,CRITICAL,TRUE,TRUE,TRUE,REG-REF-637,2023-01-15,2028-12-31,ACTIVE,2023-01-15 00:00:00,2026-01-01 00:00:00
SANC-10262,Susan Williams,Entity,India,UN_SC,Cyber Crime,Involvement in illicit finance networks linked to Cyber Crime.,CRITICAL,FALSE,TRUE,TRUE,REG-REF-913,2023-01-15,2028-12-31,ACTIVE,2023-01-15 00:00:00,2026-01-01 00:00:00
SANC-10263,Susan Wilson,Vessel,Canada,UN_SC,Terrorism Financing,Involvement in illicit finance networks linked to Terrorism Financing.,HIGH,FALSE,TRUE,TRUE,REG-REF-481,2023-01-15,2028-12-31,ACTIVE,2023-01-15 00:00:00,2026-01-01 00:00:00
SANC-10264,Sarah Taylor,Vessel,France,UN_SC,Cyber Crime,Involvement in illicit finance networks linked to Cyber Crime.,HIGH,FALSE,TRUE,TRUE,REG-REF-129,2023-01-15,2028-12-31,ACTIVE,2023-01-15 00:00:00,2026-01-01 00:00:00
SANC-10265,Charles Garcia,Organization,India,UN_SC,Proliferation,Involvement in illicit finance networks linked to Proliferation.,CRITICAL,FALSE,TRUE,TRUE,REG-REF-847,2023-01-15,2028-12-31,ACTIVE,2023-01-15 00:00:00,2026-01-01 00:00:00
SANC-10266,Barbara Jones,Vessel,UAE,EU_SANC,Proliferation,Involvement in illicit finance networks linked to Proliferation.,CRITICAL,FALSE,TRUE,TRUE,REG-REF-536,2023-01-15,2028-12-31,ACTIVE,2023-01-15 00:00:00,2026-01-01 00:00:00
SANC-10267,Thomas Smith,Vessel,India,UK_HMT,Terrorism Financing,Involvement in illicit finance networks linked to Terrorism Financing.,CRITICAL,FALSE,TRUE,TRUE,REG-REF-556,2023-01-15,2028-12-31,ACTIVE,2023-01-15 00:00:00,2026-01-01 00:00:00
SANC-10268,Susan Davis,Vessel,Australia,OFAC,Cyber Crime,Involvement in illicit finance networks linked to Cyber Crime.,CRITICAL,FALSE,TRUE,TRUE,REG-REF-327,2023-01-15,2028-12-31,ACTIVE,2023-01-15 00:00:00,2026-01-01 00:00:00
SANC-10269,Barbara Miller,Entity,India,UN_SC,Terrorism Financing,Involvement in illicit finance networks linked to Terrorism Financing.,HIGH,FALSE,TRUE,TRUE,REG-REF-341,2023-01-15,2028-12-31,ACTIVE,2023-01-15 00:00:00,2026-01-01 00:00:00
SANC-10270,Jennifer Miller,Vessel,Brazil,OFAC,Cyber Crime,Involvement in illicit finance networks linked to Cyber Crime.,HIGH,TRUE,TRUE,TRUE,REG-REF-137,2023-01-15,2028-12-31,ACTIVE,2023-01-15 00:00:00,2026-01-01 00:00:00
SANC-10271,Michael Johnson,Organization,Brazil,OFAC,Cyber Crime,Involvement in illicit finance networks linked to Cyber Crime.,CRITICAL,FALSE,TRUE,TRUE,REG-REF-819,2023-01-15,2028-12-31,ACTIVE,2023-01-15 00:00:00,2026-01-01 00:00:00
SANC-10272,Patricia Jones,Organization,Canada,EU_SANC,Proliferation,Involvement in illicit finance networks linked to Proliferation.,HIGH,TRUE,TRUE,TRUE,REG-REF-187,2023-01-15,2028-12-31,ACTIVE,2023-01-15 00:00:00,2026-01-01 00:00:00
SANC-10273,Barbara Wilson,Organization,Brazil,OFAC,Cyber Crime,Involvement in illicit finance networks linked to Cyber Crime.,HIGH,TRUE,TRUE,TRUE,REG-REF-416,2023-01-15,2028-12-31,ACTIVE,2023-01-15 00:00:00,2026-01-01 00:00:00
SANC-10274,Richard Martin,Organization,Canada,EU_SANC,Proliferation,Involvement in illicit finance networks linked to Proliferation.,CRITICAL,FALSE,TRUE,TRUE,REG-REF-175,2023-01-15,2028-12-31,ACTIVE,2023-01-15 00:00:00,2026-01-01 00:00:00
SANC-10275,Robert Jackson,Vessel,United Kingdom,UK_HMT,Narcotics Trafficking,Involvement in illicit finance networks linked to Narcotics Trafficking.,HIGH,FALSE,TRUE,TRUE,REG-REF-185,2023-01-15,2028-12-31,ACTIVE,2023-01-15 00:00:00,2026-01-01 00:00:00
SANC-10276,John Davis,Entity,Singapore,UN_SC,Terrorism Financing,Involvement in illicit finance networks linked to Terrorism Financing.,HIGH,TRUE,TRUE,TRUE,REG-REF-553,2023-01-15,2028-12-31,ACTIVE,2023-01-15 00:00:00,2026-01-01 00:00:00
SANC-10277,Linda Smith,Entity,Australia,OFAC,Narcotics Trafficking,Involvement in illicit finance networks linked to Narcotics Trafficking.,CRITICAL,FALSE,TRUE,TRUE,REG-REF-155,2023-01-15,2028-12-31,ACTIVE,2023-01-15 00:00:00,2026-01-01 00:00:00
SANC-10278,John Martin,Entity,India,OFAC,Narcotics Trafficking,Involvement in illicit finance networks linked to Narcotics Trafficking.,HIGH,FALSE,TRUE,TRUE,REG-REF-367,2023-01-15,2028-12-31,ACTIVE,2023-01-15 00:00:00,2026-01-01 00:00:00
SANC-10279,Karen Anderson,Organization,Germany,OFAC,Narcotics Trafficking,Involvement in illicit finance networks linked to Narcotics Trafficking.,CRITICAL,FALSE,TRUE,TRUE,REG-REF-600,2023-01-15,2028-12-31,ACTIVE,2023-01-15 00:00:00,2026-01-01 00:00:00
SANC-10280,Joseph Johnson,Entity,India,UK_HMT,Narcotics Trafficking,Involvement in illicit finance networks linked to Narcotics Trafficking.,HIGH,TRUE,TRUE,TRUE,REG-REF-377,2023-01-15,2028-12-31,ACTIVE,2023-01-15 00:00:00,2026-01-01 00:00:00
SANC-10281,Michael Rodriguez,Vessel,Canada,EU_SANC,Cyber Crime,Involvement in illicit finance networks linked to Cyber Crime.,CRITICAL,FALSE,TRUE,TRUE,REG-REF-853,2023-01-15,2028-12-31,ACTIVE,2023-01-15 00:00:00,2026-01-01 00:00:00
SANC-10282,Patricia Garcia,Entity,United States,EU_SANC,Terrorism Financing,Involvement in illicit finance networks linked to Terrorism Financing.,HIGH,TRUE,TRUE,TRUE,REG-REF-466,2023-01-15,2028-12-31,ACTIVE,2023-01-15 00:00:00,2026-01-01 00:00:00
SANC-10283,Jennifer Smith,Individual,United Kingdom,UN_SC,Narcotics Trafficking,Involvement in illicit finance networks linked to Narcotics Trafficking.,HIGH,FALSE,TRUE,TRUE,REG-REF-264,2023-01-15,2028-12-31,ACTIVE,2023-01-15 00:00:00,2026-01-01 00:00:00
SANC-10284,Richard Anderson,Individual,India,OFAC,Terrorism Financing,Involvement in illicit finance networks linked to Terrorism Financing.,CRITICAL,FALSE,TRUE,TRUE,REG-REF-934,2023-01-15,2028-12-31,ACTIVE,2023-01-15 00:00:00,2026-01-01 00:00:00
SANC-10285,Sarah Jackson,Entity,United Kingdom,OFAC,Narcotics Trafficking,Involvement in illicit finance networks linked to Narcotics Trafficking.,CRITICAL,FALSE,TRUE,TRUE,REG-REF-633,2023-01-15,2028-12-31,ACTIVE,2023-01-15 00:00:00,2026-01-01 00:00:00
SANC-10286,David Jones,Individual,Germany,UN_SC,Proliferation,Involvement in illicit finance networks linked to Proliferation.,HIGH,FALSE,TRUE,TRUE,REG-REF-290,2023-01-15,2028-12-31,ACTIVE,2023-01-15 00:00:00,2026-01-01 00:00:00
SANC-10287,Michael Garcia,Vessel,Singapore,EU_SANC,Narcotics Trafficking,Involvement in illicit finance networks linked to Narcotics Trafficking.,HIGH,FALSE,TRUE,TRUE,REG-REF-886,2023-01-15,2028-12-31,ACTIVE,2023-01-15 00:00:00,2026-01-01 00:00:00
SANC-10288,Karen Gonzalez,Vessel,Germany,UK_HMT,Proliferation,Involvement in illicit finance networks linked to Proliferation.,HIGH,FALSE,TRUE,TRUE,REG-REF-945,2023-01-15,2028-12-31,ACTIVE,2023-01-15 00:00:00,2026-01-01 00:00:00
SANC-10289,Thomas Johnson,Vessel,Singapore,UK_HMT,Narcotics Trafficking,Involvement in illicit finance networks linked to Narcotics Trafficking.,CRITICAL,FALSE,TRUE,TRUE,REG-REF-707,2023-01-15,2028-12-31,ACTIVE,2023-01-15 00:00:00,2026-01-01 00:00:00
SANC-10290,Mary Garcia,Entity,Canada,OFAC,Narcotics Trafficking,Involvement in illicit finance networks linked to Narcotics Trafficking.,CRITICAL,FALSE,TRUE,TRUE,REG-REF-273,2023-01-15,2028-12-31,ACTIVE,2023-01-15 00:00:00,2026-01-01 00:00:00
SANC-10291,Karen Anderson,Organization,Australia,UK_HMT,Cyber Crime,Involvement in illicit finance networks linked to Cyber Crime.,CRITICAL,FALSE,TRUE,TRUE,REG-REF-742,2023-01-15,2028-12-31,ACTIVE,2023-01-15 00:00:00,2026-01-01 00:00:00
SANC-10292,Elizabeth Anderson,Organization,Singapore,OFAC,Narcotics Trafficking,Involvement in illicit finance networks linked to Narcotics Trafficking.,HIGH,FALSE,TRUE,TRUE,REG-REF-697,2023-01-15,2028-12-31,ACTIVE,2023-01-15 00:00:00,2026-01-01 00:00:00
SANC-10293,Mary Lopez,Individual,United Kingdom,UK_HMT,Terrorism Financing,Involvement in illicit finance networks linked to Terrorism Financing.,HIGH,TRUE,TRUE,TRUE,REG-REF-736,2023-01-15,2028-12-31,ACTIVE,2023-01-15 00:00:00,2026-01-01 00:00:00
SANC-10294,Thomas Anderson,Individual,UAE,OFAC,Proliferation,Involvement in illicit finance networks linked to Proliferation.,CRITICAL,FALSE,TRUE,TRUE,REG-REF-949,2023-01-15,2028-12-31,ACTIVE,2023-01-15 00:00:00,2026-01-01 00:00:00
SANC-10295,Jessica Johnson,Organization,Brazil,UK_HMT,Cyber Crime,Involvement in illicit finance networks linked to Cyber Crime.,CRITICAL,FALSE,TRUE,TRUE,REG-REF-884,2023-01-15,2028-12-31,ACTIVE,2023-01-15 00:00:00,2026-01-01 00:00:00
SANC-10296,Sarah Martinez,Individual,France,OFAC,Narcotics Trafficking,Involvement in illicit finance networks linked to Narcotics Trafficking.,HIGH,FALSE,TRUE,TRUE,REG-REF-756,2023-01-15,2028-12-31,ACTIVE,2023-01-15 00:00:00,2026-01-01 00:00:00
SANC-10297,Karen Rodriguez,Individual,Singapore,EU_SANC,Cyber Crime,Involvement in illicit finance networks linked to Cyber Crime.,HIGH,FALSE,TRUE,TRUE,REG-REF-263,2023-01-15,2028-12-31,ACTIVE,2023-01-15 00:00:00,2026-01-01 00:00:00
SANC-10298,Sarah Johnson,Organization,UAE,EU_SANC,Terrorism Financing,Involvement in illicit finance networks linked to Terrorism Financing.,CRITICAL,TRUE,TRUE,TRUE,REG-REF-246,2023-01-15,2028-12-31,ACTIVE,2023-01-15 00:00:00,2026-01-01 00:00:00
SANC-10299,Elizabeth Thomas,Entity,Brazil,UN_SC,Proliferation,Involvement in illicit finance networks linked to Proliferation.,HIGH,TRUE,TRUE,TRUE,REG-REF-761,2023-01-15,2028-12-31,ACTIVE,2023-01-15 00:00:00,2026-01-01 00:00:00
