merchant_id,merchant_name,merchant_category,merchant_country,merchant_risk_rating,fraud_transaction_count,total_transaction_count,merchant_status,created_at
MER0000,"Wright, Gonzalez and Hull",Travel,Singapore,MEDIUM,0,0,ACTIVE,2026-06-08 20:07:51.071977
MER0001,Lucas-Simon,Retail,USA,HIGH,0,0,ACTIVE,2026-06-08 20:07:51.071977
MER0002,Lindsey-Anderson,Food,UK,MEDIUM,0,0,ACTIVE,2026-06-08 20:07:51.071977
MER0003,Lara and Sons,Food,UK,MEDIUM,0,0,ACTIVE,2026-06-08 20:07:51.071977
MER0004,"Garcia, Henry and Salazar",Retail,USA,HIGH,0,0,ACTIVE,2026-06-08 20:07:51.071977
MER0005,Rosales PLC,Retail,Singapore,LOW,0,0,ACTIVE,2026-06-08 20:07:51.071977
MER0006,"West, Bryant and Berry",Crypto,UAE,HIGH,0,0,ACTIVE,2026-06-08 20:07:51.071977
MER0007,"Tyler, Chandler and Jackson",Travel,India,MEDIUM,0,0,ACTIVE,2026-06-08 20:07:51.071977
MER0008,Coleman-Campos,Crypto,USA,LOW,0,0,ACTIVE,2026-06-08 20:07:51.071977
MER0009,"Reed, Woods and Newman",Crypto,UAE,LOW,0,0,ACTIVE,2026-06-08 20:07:51.071977
MER0010,Harris Ltd,Food,India,HIGH,0,0,ACTIVE,2026-06-08 20:07:51.071977
MER0011,White-Marshall,Crypto,UAE,HIGH,0,0,ACTIVE,2026-06-08 20:07:51.071977
MER0012,Cantu-Bowen,Gaming,UK,MEDIUM,0,0,ACTIVE,2026-06-08 20:07:51.071977
MER0013,"Hanson, Green and Carrillo",Travel,USA,LOW,0,0,ACTIVE,2026-06-08 20:07:51.071977
MER0014,Richardson-Cunningham,Retail,Singapore,MEDIUM,0,0,ACTIVE,2026-06-08 20:07:51.071977
MER0015,"Larson, Shelton and Norris",Gaming,UAE,LOW,0,0,ACTIVE,2026-06-08 20:07:51.071977
MER0016,Jones-Hernandez,Crypto,Singapore,HIGH,0,0,ACTIVE,2026-06-08 20:07:51.071977
MER0017,Olsen Group,Retail,USA,MEDIUM,0,0,ACTIVE,2026-06-08 20:07:51.071977
MER0018,"Alvarez, Munoz and Cohen",Retail,USA,HIGH,0,0,ACTIVE,2026-06-08 20:07:51.071977
MER0019,Wallace-Austin,Food,India,LOW,0,0,ACTIVE,2026-06-08 20:07:51.071977
MER0020,"Herrera, Romero and Dunn",Retail,Singapore,LOW,0,0,ACTIVE,2026-06-08 20:07:51.071977
MER0021,Santos Group,Travel,UK,MEDIUM,0,0,ACTIVE,2026-06-08 20:07:51.071977
MER0022,Blair-Whitehead,Travel,USA,HIGH,0,0,ACTIVE,2026-06-08 20:07:51.071977
MER0023,White and Sons,Retail,UK,HIGH,0,0,ACTIVE,2026-06-08 20:07:51.071977
MER0024,"Nolan, Collins and Wolf",Gaming,Singapore,MEDIUM,0,0,ACTIVE,2026-06-08 20:07:51.071977
MER0025,Oconnell LLC,Retail,UK,MEDIUM,0,0,ACTIVE,2026-06-08 20:07:51.071977
MER0026,"Tyler, Austin and Hoover",Crypto,UAE,MEDIUM,0,0,ACTIVE,2026-06-08 20:07:51.071977
MER0027,Martinez-Holmes,Retail,India,MEDIUM,0,0,ACTIVE,2026-06-08 20:07:51.071977
MER0028,Vargas Ltd,Food,Singapore,MEDIUM,0,0,ACTIVE,2026-06-08 20:07:51.071977
MER0029,"Gomez, Green and Edwards",Travel,UK,MEDIUM,0,0,ACTIVE,2026-06-08 20:07:51.071977
MER0030,Patterson-Meyer,Crypto,UAE,LOW,0,0,ACTIVE,2026-06-08 20:07:51.071977
MER0031,Bell-Rodriguez,Retail,USA,LOW,0,0,ACTIVE,2026-06-08 20:07:51.071977
MER0032,Mendoza-Morgan,Retail,Singapore,LOW,0,0,ACTIVE,2026-06-08 20:07:51.071977
MER0033,"Nelson, Rodriguez and Stewart",Retail,India,HIGH,0,0,ACTIVE,2026-06-08 20:07:51.071977
MER0034,"Nichols, Williams and Moore",Crypto,India,HIGH,0,0,ACTIVE,2026-06-08 20:07:51.071977
MER0035,Reid-Pennington,Food,Singapore,LOW,0,0,ACTIVE,2026-06-08 20:07:51.071977
MER0036,Kerr Group,Retail,UAE,LOW,0,0,ACTIVE,2026-06-08 20:07:51.071977
MER0037,Howell Group,Food,India,LOW,0,0,ACTIVE,2026-06-08 20:07:51.071977
MER0038,Trujillo PLC,Crypto,UAE,LOW,0,0,ACTIVE,2026-06-08 20:07:51.071977
MER0039,"Robinson, Bennett and Reed",Crypto,UK,HIGH,0,0,ACTIVE,2026-06-08 20:07:51.071977
MER0040,Burns Group,Gaming,Singapore,LOW,0,0,ACTIVE,2026-06-08 20:07:51.071977
MER0041,Thomas Group,Food,UK,LOW,0,0,ACTIVE,2026-06-08 20:07:51.071977
MER0042,Jimenez-Allen,Gaming,Singapore,HIGH,0,0,ACTIVE,2026-06-08 20:07:51.071977
MER0043,Alexander-Brewer,Travel,India,MEDIUM,0,0,ACTIVE,2026-06-08 20:07:51.071977
MER0044,Rubio Inc,Crypto,Singapore,LOW,0,0,ACTIVE,2026-06-08 20:07:51.071977
MER0045,Macdonald-Waters,Travel,UAE,MEDIUM,0,0,ACTIVE,2026-06-08 20:07:51.071977
MER0046,Clements-Barber,Gaming,UAE,MEDIUM,0,0,ACTIVE,2026-06-08 20:07:51.071977
MER0047,Walker-Watts,Retail,India,MEDIUM,0,0,ACTIVE,2026-06-08 20:07:51.071977
MER0048,"Morris, Davis and Petersen",Retail,UK,LOW,0,0,ACTIVE,2026-06-08 20:07:51.071977
MER0049,Little and Sons,Crypto,UK,HIGH,0,0,ACTIVE,2026-06-08 20:07:51.071977
MER0050,"Levy, Hendrix and Bryan",Travel,UK,MEDIUM,0,0,ACTIVE,2026-06-08 20:07:51.071977
MER0051,"Wright, Cole and Henderson",Food,USA,HIGH,0,0,ACTIVE,2026-06-08 20:07:51.071977
MER0052,Campos Inc,Travel,India,MEDIUM,0,0,ACTIVE,2026-06-08 20:07:51.071977
MER0053,Fowler PLC,Retail,USA,LOW,0,0,ACTIVE,2026-06-08 20:07:51.071977
MER0054,Walton-Oconnor,Retail,India,MEDIUM,0,0,ACTIVE,2026-06-08 20:07:51.071977
MER0055,Burns Group,Travel,USA,LOW,0,0,ACTIVE,2026-06-08 20:07:51.071977
MER0056,Green-Wood,Food,UAE,MEDIUM,0,0,ACTIVE,2026-06-08 20:07:51.071977
MER0057,Lee Ltd,Food,USA,HIGH,0,0,ACTIVE,2026-06-08 20:07:51.071977
MER0058,Shepherd-Bell,Retail,India,HIGH,0,0,ACTIVE,2026-06-08 20:07:51.071977
MER0059,"Middleton, Dean and Park",Retail,UK,LOW,0,0,ACTIVE,2026-06-08 20:07:51.071977
MER0060,"Dyer, Robinson and Stewart",Gaming,UK,MEDIUM,0,0,ACTIVE,2026-06-08 20:07:51.071977
MER0061,"Evans, Stevens and Hanson",Crypto,UK,HIGH,0,0,ACTIVE,2026-06-08 20:07:51.071977
MER0062,Johnson-Davis,Gaming,USA,HIGH,0,0,ACTIVE,2026-06-08 20:07:51.071977
MER0063,"Foster, Brown and Thompson",Gaming,UK,MEDIUM,0,0,ACTIVE,2026-06-08 20:07:51.071977
MER0064,"Cunningham, Solis and Washington",Crypto,USA,LOW,0,0,ACTIVE,2026-06-08 20:07:51.071977
MER0065,Holland LLC,Travel,Singapore,MEDIUM,0,0,ACTIVE,2026-06-08 20:07:51.071977
MER0066,"Joyce, Nelson and Bell",Crypto,UAE,HIGH,0,0,ACTIVE,2026-06-08 20:07:51.071977
MER0067,Morgan-Hayes,Food,UAE,MEDIUM,0,0,ACTIVE,2026-06-08 20:07:51.071977
MER0068,Perry-Greene,Food,India,LOW,0,0,ACTIVE,2026-06-08 20:07:51.071977
MER0069,"Rodriguez, Stewart and Garrett",Food,USA,HIGH,0,0,ACTIVE,2026-06-08 20:07:51.071977
MER0070,Grant Inc,Food,USA,HIGH,0,0,ACTIVE,2026-06-08 20:07:51.071977
MER0071,Ruiz-Bennett,Travel,UK,HIGH,0,0,ACTIVE,2026-06-08 20:07:51.071977
MER0072,Brown Ltd,Gaming,USA,HIGH,0,0,ACTIVE,2026-06-08 20:07:51.071977
MER0073,Hall LLC,Crypto,UAE,LOW,0,0,ACTIVE,2026-06-08 20:07:51.071977
MER0074,Stewart-Rivera,Travel,India,HIGH,0,0,ACTIVE,2026-06-08 20:07:51.071977
MER0075,"Ramirez, Bell and Perez",Retail,UAE,MEDIUM,0,0,ACTIVE,2026-06-08 20:07:51.071977
MER0076,Schneider-Fischer,Travel,Singapore,MEDIUM,0,0,ACTIVE,2026-06-08 20:07:51.071977
MER0077,Harris Group,Travel,India,MEDIUM,0,0,ACTIVE,2026-06-08 20:07:51.071977
MER0078,Burgess-Hicks,Food,USA,LOW,0,0,ACTIVE,2026-06-08 20:07:51.071977
MER0079,Fields Ltd,Retail,UK,LOW,0,0,ACTIVE,2026-06-08 20:07:51.071977
MER0080,"Garcia, Farrell and Rodriguez",Retail,India,LOW,0,0,ACTIVE,2026-06-08 20:07:51.071977
MER0081,Campbell-Hickman,Crypto,UK,MEDIUM,0,0,ACTIVE,2026-06-08 20:07:51.071977
MER0082,"Craig, Branch and Clark",Gaming,UAE,MEDIUM,0,0,ACTIVE,2026-06-08 20:07:51.071977
MER0083,Fritz-Miller,Gaming,Singapore,HIGH,0,0,ACTIVE,2026-06-08 20:07:51.071977
MER0084,Peterson Ltd,Food,UK,MEDIUM,0,0,ACTIVE,2026-06-08 20:07:51.071977
MER0085,White PLC,Retail,UK,LOW,0,0,ACTIVE,2026-06-08 20:07:51.071977
MER0086,"Jordan, Evans and Tran",Food,Singapore,MEDIUM,0,0,ACTIVE,2026-06-08 20:07:51.071977
MER0087,"Ballard, Jimenez and Blackwell",Retail,India,MEDIUM,0,0,ACTIVE,2026-06-08 20:07:51.071977
MER0088,"Crawford, Martinez and Johnson",Travel,Singapore,LOW,0,0,ACTIVE,2026-06-08 20:07:51.071977
MER0089,Aguilar-Bailey,Travel,UAE,HIGH,0,0,ACTIVE,2026-06-08 20:07:51.071977
MER0090,Kent-Sharp,Travel,India,MEDIUM,0,0,ACTIVE,2026-06-08 20:07:51.071977
MER0091,Roy Inc,Travel,UK,LOW,0,0,ACTIVE,2026-06-08 20:07:51.071977
MER0092,Murillo-Brown,Travel,India,HIGH,0,0,ACTIVE,2026-06-08 20:07:51.071977
MER0093,Gordon PLC,Retail,UAE,HIGH,0,0,ACTIVE,2026-06-08 20:07:51.071977
MER0094,Robinson LLC,Retail,USA,HIGH,0,0,ACTIVE,2026-06-08 20:07:51.071977
MER0095,"Serrano, Hart and Bass",Food,UK,HIGH,0,0,ACTIVE,2026-06-08 20:07:51.071977
MER0096,"Perez, Miller and Goodman",Retail,India,LOW,0,0,ACTIVE,2026-06-08 20:07:51.071977
MER0097,Green Inc,Gaming,USA,LOW,0,0,ACTIVE,2026-06-08 20:07:51.071977
MER0098,Barton PLC,Gaming,UAE,HIGH,0,0,ACTIVE,2026-06-08 20:07:51.071977
MER0099,Frazier LLC,Travel,India,MEDIUM,0,0,ACTIVE,2026-06-08 20:07:51.071977
MER0100,Hall-Obrien,Gaming,UK,MEDIUM,0,0,ACTIVE,2026-06-08 20:07:51.071977
MER0101,"Kelley, Wolfe and Munoz",Travel,India,LOW,0,0,ACTIVE,2026-06-08 20:07:51.071977
MER0102,"Preston, Ramirez and Rogers",Travel,UK,LOW,0,0,ACTIVE,2026-06-08 20:07:51.071977
MER0103,"George, Gonzalez and Gonzalez",Crypto,USA,LOW,0,0,ACTIVE,2026-06-08 20:07:51.071977
MER0104,"Herrera, Miller and Burke",Retail,USA,HIGH,0,0,ACTIVE,2026-06-08 20:07:51.071977
MER0105,Scott-Chapman,Retail,UK,MEDIUM,0,0,ACTIVE,2026-06-08 20:07:51.071977
MER0106,Marsh-Garcia,Crypto,Singapore,MEDIUM,0,0,ACTIVE,2026-06-08 20:07:51.071977
MER0107,"Page, Sanchez and Wilson",Travel,India,MEDIUM,0,0,ACTIVE,2026-06-08 20:07:51.071977
MER0108,Thomas and Sons,Travel,UK,MEDIUM,0,0,ACTIVE,2026-06-08 20:07:51.071977
MER0109,Harrison Inc,Travel,UK,LOW,0,0,ACTIVE,2026-06-08 20:07:51.071977
MER0110,"Ward, Wade and Boyd",Retail,India,MEDIUM,0,0,ACTIVE,2026-06-08 20:07:51.071977
MER0111,Silva-Sanchez,Retail,UK,HIGH,0,0,ACTIVE,2026-06-08 20:07:51.071977
MER0112,"Goodman, Kim and Stone",Crypto,USA,HIGH,0,0,ACTIVE,2026-06-08 20:07:51.071977
MER0113,Stevens LLC,Crypto,UAE,MEDIUM,0,0,ACTIVE,2026-06-08 20:07:51.071977
MER0114,Mcdowell-Wolf,Gaming,India,MEDIUM,0,0,ACTIVE,2026-06-08 20:07:51.071977
MER0115,Villanueva-Martinez,Crypto,Singapore,MEDIUM,0,0,ACTIVE,2026-06-08 20:07:51.071977
MER0116,"Jordan, Hutchinson and Morgan",Food,UAE,MEDIUM,0,0,ACTIVE,2026-06-08 20:07:51.071977
MER0117,"Harris, Green and Kelly",Food,USA,MEDIUM,0,0,ACTIVE,2026-06-08 20:07:51.071977
MER0118,Johnson-Payne,Travel,UK,MEDIUM,0,0,ACTIVE,2026-06-08 20:07:51.071977
MER0119,"Stafford, Robinson and Weaver",Travel,UAE,LOW,0,0,ACTIVE,2026-06-08 20:07:51.071977
MER0120,Hardy-Glenn,Gaming,UK,MEDIUM,0,0,ACTIVE,2026-06-08 20:07:51.071977
MER0121,"Rubio, Lawson and Anderson",Crypto,USA,HIGH,0,0,ACTIVE,2026-06-08 20:07:51.071977
MER0122,Alvarado LLC,Food,UK,HIGH,0,0,ACTIVE,2026-06-08 20:07:51.071977
MER0123,"Smith, Francis and Middleton",Crypto,Singapore,HIGH,0,0,ACTIVE,2026-06-08 20:07:51.071977
MER0124,Trevino and Sons,Food,UAE,LOW,0,0,ACTIVE,2026-06-08 20:07:51.071977
MER0125,"Francis, Burton and Ortiz",Crypto,UK,LOW,0,0,ACTIVE,2026-06-08 20:07:51.071977
MER0126,Hahn Ltd,Travel,Singapore,HIGH,0,0,ACTIVE,2026-06-08 20:07:51.071977
MER0127,Hutchinson-Vega,Travel,UK,HIGH,0,0,ACTIVE,2026-06-08 20:07:51.071977
MER0128,"Castillo, Mitchell and Harris",Retail,India,MEDIUM,0,0,ACTIVE,2026-06-08 20:07:51.071977
MER0129,Cohen-Smith,Retail,USA,MEDIUM,0,0,ACTIVE,2026-06-08 20:07:51.071977
MER0130,Patterson PLC,Retail,UK,HIGH,0,0,ACTIVE,2026-06-08 20:07:51.071977
MER0131,Hunter PLC,Retail,UAE,HIGH,0,0,ACTIVE,2026-06-08 20:07:51.071977
MER0132,Irwin-Dixon,Retail,USA,HIGH,0,0,ACTIVE,2026-06-08 20:07:51.071977
MER0133,Marshall-English,Crypto,Singapore,LOW,0,0,ACTIVE,2026-06-08 20:07:51.071977
MER0134,"Boyd, Mayo and Mcdonald",Travel,India,HIGH,0,0,ACTIVE,2026-06-08 20:07:51.071977
MER0135,"Stephens, Deleon and Hardy",Gaming,UK,MEDIUM,0,0,ACTIVE,2026-06-08 20:07:51.071977
MER0136,"Lozano, Pugh and Murillo",Travel,UAE,HIGH,0,0,ACTIVE,2026-06-08 20:07:51.071977
MER0137,Bridges Group,Food,UK,LOW,0,0,ACTIVE,2026-06-08 20:07:51.071977
MER0138,Bailey-Porter,Retail,UAE,HIGH,0,0,ACTIVE,2026-06-08 20:07:51.071977
MER0139,Johnson Ltd,Food,UAE,HIGH,0,0,ACTIVE,2026-06-08 20:07:51.071977
MER0140,"Dickson, Anderson and Bautista",Travel,Singapore,HIGH,0,0,ACTIVE,2026-06-08 20:07:51.071977
MER0141,Lyons-Mays,Gaming,India,MEDIUM,0,0,ACTIVE,2026-06-08 20:07:51.071977
MER0142,Griffith Inc,Travel,USA,HIGH,0,0,ACTIVE,2026-06-08 20:07:51.071977
MER0143,Rodriguez Inc,Retail,UK,LOW,0,0,ACTIVE,2026-06-08 20:07:51.071977
MER0144,Whitehead Group,Food,USA,LOW,0,0,ACTIVE,2026-06-08 20:07:51.071977
MER0145,"Johnson, Stephens and Wilson",Gaming,UK,MEDIUM,0,0,ACTIVE,2026-06-08 20:07:51.071977
MER0146,Moore Inc,Retail,Singapore,LOW,0,0,ACTIVE,2026-06-08 20:07:51.071977
MER0147,Hill-Rogers,Food,USA,LOW,0,0,ACTIVE,2026-06-08 20:07:51.071977
MER0148,Best-Green,Gaming,India,HIGH,0,0,ACTIVE,2026-06-08 20:07:51.071977
MER0149,"Whitney, Morgan and Moore",Food,Singapore,MEDIUM,0,0,ACTIVE,2026-06-08 20:07:51.071977
MER0150,"Benson, Hernandez and Smith",Travel,UAE,HIGH,0,0,ACTIVE,2026-06-08 20:07:51.071977
MER0151,Townsend-Bean,Travel,UK,LOW,0,0,ACTIVE,2026-06-08 20:07:51.071977
MER0152,"Warren, Bowers and Chase",Gaming,UK,HIGH,0,0,ACTIVE,2026-06-08 20:07:51.071977
MER0153,Evans-Mcgrath,Retail,USA,MEDIUM,0,0,ACTIVE,2026-06-08 20:07:51.071977
MER0154,"Lester, Golden and James",Crypto,USA,HIGH,0,0,ACTIVE,2026-06-08 20:07:51.071977
MER0155,Burton-Warren,Travel,UAE,MEDIUM,0,0,ACTIVE,2026-06-08 20:07:51.071977
MER0156,"Thomas, Williams and Freeman",Travel,UAE,HIGH,0,0,ACTIVE,2026-06-08 20:07:51.071977
MER0157,"Stone, Wolfe and Sparks",Gaming,India,HIGH,0,0,ACTIVE,2026-06-08 20:07:51.071977
MER0158,Spencer Group,Crypto,UK,MEDIUM,0,0,ACTIVE,2026-06-08 20:07:51.071977
MER0159,Willis-Dawson,Travel,India,HIGH,0,0,ACTIVE,2026-06-08 20:07:51.071977
MER0160,Zavala-Chen,Crypto,UAE,LOW,0,0,ACTIVE,2026-06-08 20:07:51.071977
MER0161,"Bryant, Chen and Hill",Retail,USA,MEDIUM,0,0,ACTIVE,2026-06-08 20:07:51.071977
MER0162,Dominguez-Graves,Gaming,UK,MEDIUM,0,0,ACTIVE,2026-06-08 20:07:51.071977
MER0163,"Sims, Krueger and Moore",Travel,USA,HIGH,0,0,ACTIVE,2026-06-08 20:07:51.071977
MER0164,"Simon, Perez and Hunter",Travel,Singapore,MEDIUM,0,0,ACTIVE,2026-06-08 20:07:51.071977
MER0165,Bryant-Poole,Food,Singapore,HIGH,0,0,ACTIVE,2026-06-08 20:07:51.071977
MER0166,"Clark, Jones and Medina",Gaming,USA,MEDIUM,0,0,ACTIVE,2026-06-08 20:07:51.071977
MER0167,"Mckenzie, Hart and Richardson",Retail,USA,HIGH,0,0,ACTIVE,2026-06-08 20:07:51.071977
MER0168,Rogers PLC,Travel,USA,MEDIUM,0,0,ACTIVE,2026-06-08 20:07:51.071977
MER0169,Allen Ltd,Retail,UK,HIGH,0,0,ACTIVE,2026-06-08 20:07:51.071977
MER0170,"Rubio, Roberts and Sandoval",Travel,USA,HIGH,0,0,ACTIVE,2026-06-08 20:07:51.071977
MER0171,Chapman-Castillo,Food,India,HIGH,0,0,ACTIVE,2026-06-08 20:07:51.071977
MER0172,Hicks-Torres,Gaming,UAE,MEDIUM,0,0,ACTIVE,2026-06-08 20:07:51.071977
MER0173,"Stanton, Herrera and Smith",Food,Singapore,MEDIUM,0,0,ACTIVE,2026-06-08 20:07:51.071977
MER0174,"Perez, Roberts and Moran",Travel,UK,MEDIUM,0,0,ACTIVE,2026-06-08 20:07:51.071977
MER0175,Wheeler-Burke,Travel,Singapore,LOW,0,0,ACTIVE,2026-06-08 20:07:51.071977
MER0176,Jackson-Robinson,Travel,UAE,HIGH,0,0,ACTIVE,2026-06-08 20:07:51.071977
MER0177,Harvey-Torres,Retail,Singapore,HIGH,0,0,ACTIVE,2026-06-08 20:07:51.071977
MER0178,"Austin, Blackburn and Brown",Food,UK,MEDIUM,0,0,ACTIVE,2026-06-08 20:07:51.071977
MER0179,Cook Group,Crypto,Singapore,MEDIUM,0,0,ACTIVE,2026-06-08 20:07:51.071977
MER0180,"Sanchez, Smith and Cain",Retail,UAE,LOW,0,0,ACTIVE,2026-06-08 20:07:51.071977
MER0181,Davis-Hines,Food,UK,HIGH,0,0,ACTIVE,2026-06-08 20:07:51.071977
MER0182,"Hawkins, Wright and Austin",Gaming,UAE,MEDIUM,0,0,ACTIVE,2026-06-08 20:07:51.071977
MER0183,"Nielsen, Palmer and Moore",Crypto,UAE,HIGH,0,0,ACTIVE,2026-06-08 20:07:51.071977
MER0184,Pierce-Woods,Travel,Singapore,MEDIUM,0,0,ACTIVE,2026-06-08 20:07:51.071977
MER0185,Foster Inc,Crypto,USA,MEDIUM,0,0,ACTIVE,2026-06-08 20:07:51.071977
MER0186,"Perez, White and Buck",Food,UAE,LOW,0,0,ACTIVE,2026-06-08 20:07:51.071977
MER0187,Harvey-Adams,Crypto,USA,LOW,0,0,ACTIVE,2026-06-08 20:07:51.071977
MER0188,Christensen-Johnson,Retail,UK,MEDIUM,0,0,ACTIVE,2026-06-08 20:07:51.071977
MER0189,Foley LLC,Retail,UK,LOW,0,0,ACTIVE,2026-06-08 20:07:51.071977
MER0190,"Ruiz, Larson and Lopez",Travel,UAE,HIGH,0,0,ACTIVE,2026-06-08 20:07:51.071977
MER0191,Blankenship and Sons,Travel,USA,MEDIUM,0,0,ACTIVE,2026-06-08 20:07:51.071977
MER0192,"Jones, Davis and Simmons",Gaming,UAE,HIGH,0,0,ACTIVE,2026-06-08 20:07:51.071977
MER0193,Perry Ltd,Crypto,India,HIGH,0,0,ACTIVE,2026-06-08 20:07:51.071977
MER0194,Larson-Gonzalez,Gaming,India,HIGH,0,0,ACTIVE,2026-06-08 20:07:51.071977
MER0195,"Anthony, Mason and Aguilar",Retail,UAE,MEDIUM,0,0,ACTIVE,2026-06-08 20:07:51.071977
MER0196,Davis-Watson,Gaming,UAE,HIGH,0,0,ACTIVE,2026-06-08 20:07:51.071977
MER0197,"Carter, Osborne and Johnson",Food,India,MEDIUM,0,0,ACTIVE,2026-06-08 20:07:51.071977
MER0198,Johnston and Sons,Crypto,UK,MEDIUM,0,0,ACTIVE,2026-06-08 20:07:51.071977
MER0199,"Hodges, Ray and Erickson",Food,UK,HIGH,0,0,ACTIVE,2026-06-08 20:07:51.071977
MER0200,Smith-Smith,Gaming,India,LOW,0,0,ACTIVE,2026-06-08 20:07:51.071977
MER0201,Romero-Frost,Food,Singapore,LOW,0,0,ACTIVE,2026-06-08 20:07:51.071977
MER0202,Franklin PLC,Travel,UK,MEDIUM,0,0,ACTIVE,2026-06-08 20:07:51.071977
MER0203,Gonzalez-Spencer,Retail,UK,HIGH,0,0,ACTIVE,2026-06-08 20:07:51.071977
MER0204,Stanley-Bell,Travel,Singapore,MEDIUM,0,0,ACTIVE,2026-06-08 20:07:51.071977
MER0205,"Nichols, Smith and Mason",Food,UAE,HIGH,0,0,ACTIVE,2026-06-08 20:07:51.071977
MER0206,"Cherry, Conrad and Walker",Travel,Singapore,MEDIUM,0,0,ACTIVE,2026-06-08 20:07:51.071977
MER0207,"White, Wade and Becker",Gaming,Singapore,MEDIUM,0,0,ACTIVE,2026-06-08 20:07:51.071977
MER0208,Wright-Carter,Food,USA,LOW,0,0,ACTIVE,2026-06-08 20:07:51.071977
MER0209,Morgan-Phillips,Crypto,India,HIGH,0,0,ACTIVE,2026-06-08 20:07:51.071977
MER0210,Peterson PLC,Travel,UAE,LOW,0,0,ACTIVE,2026-06-08 20:07:51.071977
MER0211,Gonzalez Group,Gaming,India,MEDIUM,0,0,ACTIVE,2026-06-08 20:07:51.071977
MER0212,"Williams, Robinson and Anderson",Crypto,UAE,MEDIUM,0,0,ACTIVE,2026-06-08 20:07:51.071977
MER0213,Smith-Pena,Crypto,India,MEDIUM,0,0,ACTIVE,2026-06-08 20:07:51.071977
MER0214,"Escobar, Gonzalez and Garza",Retail,India,HIGH,0,0,ACTIVE,2026-06-08 20:07:51.071977
MER0215,Cochran Ltd,Food,India,LOW,0,0,ACTIVE,2026-06-08 20:07:51.071977
MER0216,Thomas-Thomas,Retail,UAE,HIGH,0,0,ACTIVE,2026-06-08 20:07:51.071977
MER0217,"Dean, Allen and Coffey",Crypto,Singapore,HIGH,0,0,ACTIVE,2026-06-08 20:07:51.071977
MER0218,"Hunt, Morgan and Jones",Retail,Singapore,HIGH,0,0,ACTIVE,2026-06-08 20:07:51.071977
MER0219,"Thomas, Smith and Goodwin",Food,Singapore,MEDIUM,0,0,ACTIVE,2026-06-08 20:07:51.071977
MER0220,Miranda-Mendez,Food,UAE,MEDIUM,0,0,ACTIVE,2026-06-08 20:07:51.071977
MER0221,Howard PLC,Food,India,HIGH,0,0,ACTIVE,2026-06-08 20:07:51.071977
MER0222,"Ramirez, Simon and Aguilar",Retail,Singapore,MEDIUM,0,0,ACTIVE,2026-06-08 20:07:51.071977
MER0223,Wilkerson-Robinson,Crypto,India,LOW,0,0,ACTIVE,2026-06-08 20:07:51.071977
MER0224,Santiago-Chase,Crypto,UK,HIGH,0,0,ACTIVE,2026-06-08 20:07:51.071977
MER0225,King-Vazquez,Retail,UAE,MEDIUM,0,0,ACTIVE,2026-06-08 20:07:51.071977
MER0226,Ryan-Dixon,Food,UAE,LOW,0,0,ACTIVE,2026-06-08 20:07:51.071977
MER0227,Adkins Group,Food,India,HIGH,0,0,ACTIVE,2026-06-08 20:07:51.071977
MER0228,Harrison-Dalton,Retail,UK,MEDIUM,0,0,ACTIVE,2026-06-08 20:07:51.071977
MER0229,Rivera-Lucas,Gaming,UK,HIGH,0,0,ACTIVE,2026-06-08 20:07:51.071977
MER0230,"Cox, Moore and Williams",Gaming,India,HIGH,0,0,ACTIVE,2026-06-08 20:07:51.071977
MER0231,Wright-Paul,Retail,Singapore,LOW,0,0,ACTIVE,2026-06-08 20:07:51.071977
MER0232,Lee Inc,Food,USA,HIGH,0,0,ACTIVE,2026-06-08 20:07:51.071977
MER0233,Jones-Mccoy,Travel,Singapore,HIGH,0,0,ACTIVE,2026-06-08 20:07:51.071977
MER0234,Jackson Group,Retail,UK,MEDIUM,0,0,ACTIVE,2026-06-08 20:07:51.071977
MER0235,"Montgomery, Mckenzie and Brown",Retail,USA,HIGH,0,0,ACTIVE,2026-06-08 20:07:51.071977
MER0236,Owens Group,Crypto,UAE,HIGH,0,0,ACTIVE,2026-06-08 20:07:51.071977
MER0237,Price-Hawkins,Gaming,India,LOW,0,0,ACTIVE,2026-06-08 20:07:51.071977
MER0238,"Reynolds, Cline and Weber",Food,Singapore,MEDIUM,0,0,ACTIVE,2026-06-08 20:07:51.071977
MER0239,Weaver-Duffy,Crypto,UAE,MEDIUM,0,0,ACTIVE,2026-06-08 20:07:51.071977
MER0240,George Group,Travel,UK,HIGH,0,0,ACTIVE,2026-06-08 20:07:51.071977
MER0241,"Walls, Smith and Meyers",Gaming,USA,MEDIUM,0,0,ACTIVE,2026-06-08 20:07:51.071977
MER0242,Ramirez-Stone,Travel,USA,LOW,0,0,ACTIVE,2026-06-08 20:07:51.071977
MER0243,"Rodriguez, Keller and Bailey",Travel,Singapore,HIGH,0,0,ACTIVE,2026-06-08 20:07:51.071977
MER0244,"Montgomery, Brock and Sloan",Crypto,UAE,MEDIUM,0,0,ACTIVE,2026-06-08 20:07:51.071977
MER0245,"Atkinson, Johnson and Yates",Travel,UK,LOW,0,0,ACTIVE,2026-06-08 20:07:51.071977
MER0246,Hines-Flores,Retail,USA,LOW,0,0,ACTIVE,2026-06-08 20:07:51.071977
MER0247,Campbell-Ryan,Gaming,USA,HIGH,0,0,ACTIVE,2026-06-08 20:07:51.071977
MER0248,Stafford-Fields,Retail,India,HIGH,0,0,ACTIVE,2026-06-08 20:07:51.071977
MER0249,"Davis, Peterson and Gibson",Food,USA,LOW,0,0,ACTIVE,2026-06-08 20:07:51.071977
MER0250,"Padilla, Higgins and Jackson",Retail,Singapore,LOW,0,0,ACTIVE,2026-06-08 20:07:51.071977
MER0251,Griffin and Sons,Retail,UAE,LOW,0,0,ACTIVE,2026-06-08 20:07:51.071977
MER0252,Alexander-Wood,Crypto,USA,LOW,0,0,ACTIVE,2026-06-08 20:07:51.071977
MER0253,Robinson Group,Food,UK,HIGH,0,0,ACTIVE,2026-06-08 20:07:51.071977
MER0254,Hobbs Inc,Crypto,Singapore,HIGH,0,0,ACTIVE,2026-06-08 20:07:51.071977
MER0255,Cantu Ltd,Travel,India,LOW,0,0,ACTIVE,2026-06-08 20:07:51.071977
MER0256,Garcia and Sons,Retail,UK,LOW,0,0,ACTIVE,2026-06-08 20:07:51.071977
MER0257,Valencia-Johnson,Retail,USA,LOW,0,0,ACTIVE,2026-06-08 20:07:51.071977
MER0258,Baxter Inc,Crypto,USA,HIGH,0,0,ACTIVE,2026-06-08 20:07:51.071977
MER0259,Hanson-Contreras,Travel,Singapore,LOW,0,0,ACTIVE,2026-06-08 20:07:51.071977
MER0260,Thomas and Sons,Food,UK,MEDIUM,0,0,ACTIVE,2026-06-08 20:07:51.071977
MER0261,Serrano Inc,Crypto,Singapore,LOW,0,0,ACTIVE,2026-06-08 20:07:51.071977
MER0262,Grant Inc,Gaming,UAE,LOW,0,0,ACTIVE,2026-06-08 20:07:51.071977
MER0263,Poole and Sons,Gaming,India,HIGH,0,0,ACTIVE,2026-06-08 20:07:51.071977
MER0264,Blanchard PLC,Food,India,MEDIUM,0,0,ACTIVE,2026-06-08 20:07:51.071977
MER0265,Sullivan-Bennett,Retail,Singapore,MEDIUM,0,0,ACTIVE,2026-06-08 20:07:51.071977
MER0266,Wilkins-Dorsey,Travel,USA,HIGH,0,0,ACTIVE,2026-06-08 20:07:51.071977
MER0267,Kennedy-Johnson,Travel,USA,MEDIUM,0,0,ACTIVE,2026-06-08 20:07:51.071977
MER0268,Young Group,Travel,USA,MEDIUM,0,0,ACTIVE,2026-06-08 20:07:51.071977
MER0269,"Cunningham, Anderson and Hammond",Travel,UAE,HIGH,0,0,ACTIVE,2026-06-08 20:07:51.071977
MER0270,Jordan Inc,Travel,UAE,HIGH,0,0,ACTIVE,2026-06-08 20:07:51.071977
MER0271,Robertson-Maxwell,Travel,UK,LOW,0,0,ACTIVE,2026-06-08 20:07:51.071977
MER0272,Price Group,Food,USA,HIGH,0,0,ACTIVE,2026-06-08 20:07:51.071977
MER0273,Anderson Ltd,Food,UK,HIGH,0,0,ACTIVE,2026-06-08 20:07:51.071977
MER0274,Lopez-Williams,Gaming,USA,MEDIUM,0,0,ACTIVE,2026-06-08 20:07:51.071977
MER0275,Glover PLC,Gaming,USA,LOW,0,0,ACTIVE,2026-06-08 20:07:51.071977
MER0276,"West, Soto and Brown",Retail,USA,LOW,0,0,ACTIVE,2026-06-08 20:07:51.071977
MER0277,"Ramirez, Lewis and Wilson",Travel,Singapore,MEDIUM,0,0,ACTIVE,2026-06-08 20:07:51.071977
MER0278,Nguyen-Payne,Gaming,USA,HIGH,0,0,ACTIVE,2026-06-08 20:07:51.071977
MER0279,"Davis, Miles and Harrison",Gaming,UK,LOW,0,0,ACTIVE,2026-06-08 20:07:51.071977
MER0280,"Fitzpatrick, Warner and Wade",Food,Singapore,MEDIUM,0,0,ACTIVE,2026-06-08 20:07:51.071977
MER0281,Harris Ltd,Crypto,Singapore,HIGH,0,0,ACTIVE,2026-06-08 20:07:51.071977
MER0282,Lawrence Ltd,Food,USA,LOW,0,0,ACTIVE,2026-06-08 20:07:51.071977
MER0283,Hutchinson Ltd,Crypto,India,HIGH,0,0,ACTIVE,2026-06-08 20:07:51.071977
MER0284,"Holmes, Castillo and Hopkins",Food,India,MEDIUM,0,0,ACTIVE,2026-06-08 20:07:51.071977
MER0285,Terry-Bentley,Gaming,USA,MEDIUM,0,0,ACTIVE,2026-06-08 20:07:51.071977
MER0286,"Salas, Bradshaw and Cohen",Gaming,Singapore,LOW,0,0,ACTIVE,2026-06-08 20:07:51.071977
MER0287,Andrews and Sons,Travel,USA,MEDIUM,0,0,ACTIVE,2026-06-08 20:07:51.071977
MER0288,Johnson-Townsend,Retail,UAE,HIGH,0,0,ACTIVE,2026-06-08 20:07:51.071977
MER0289,Porter-Myers,Food,USA,HIGH,0,0,ACTIVE,2026-06-08 20:07:51.071977
MER0290,Watkins Inc,Retail,USA,MEDIUM,0,0,ACTIVE,2026-06-08 20:07:51.071977
MER0291,Williams Ltd,Retail,UK,MEDIUM,0,0,ACTIVE,2026-06-08 20:07:51.071977
MER0292,"Johnson, Adams and Cox",Food,UAE,HIGH,0,0,ACTIVE,2026-06-08 20:07:51.071977
MER0293,Cameron PLC,Travel,India,LOW,0,0,ACTIVE,2026-06-08 20:07:51.071977
MER0294,Tucker-Moran,Crypto,USA,HIGH,0,0,ACTIVE,2026-06-08 20:07:51.071977
MER0295,Delacruz-Ross,Food,India,MEDIUM,0,0,ACTIVE,2026-06-08 20:07:51.071977
MER0296,"Nelson, Andrews and Weaver",Gaming,UAE,HIGH,0,0,ACTIVE,2026-06-08 20:07:51.071977
MER0297,Adams Inc,Retail,India,HIGH,0,0,ACTIVE,2026-06-08 20:07:51.071977
MER0298,Branch LLC,Food,India,MEDIUM,0,0,ACTIVE,2026-06-08 20:07:51.071977
MER0299,Esparza Inc,Travel,USA,MEDIUM,0,0,ACTIVE,2026-06-08 20:07:51.071977
MER0300,Chapman-Shelton,Gaming,USA,MEDIUM,0,0,ACTIVE,2026-06-08 20:07:51.071977
MER0301,Vargas LLC,Food,UK,MEDIUM,0,0,ACTIVE,2026-06-08 20:07:51.071977
MER0302,"Price, Perry and Hammond",Food,UAE,LOW,0,0,ACTIVE,2026-06-08 20:07:51.071977
MER0303,Neal Ltd,Retail,USA,LOW,0,0,ACTIVE,2026-06-08 20:07:51.071977
MER0304,"Howe, Mccoy and Nguyen",Crypto,Singapore,HIGH,0,0,ACTIVE,2026-06-08 20:07:51.071977
MER0305,Watson-Taylor,Food,UK,MEDIUM,0,0,ACTIVE,2026-06-08 20:07:51.071977
MER0306,"Jones, Miller and Rodriguez",Food,India,MEDIUM,0,0,ACTIVE,2026-06-08 20:07:51.071977
MER0307,Rojas LLC,Travel,India,LOW,0,0,ACTIVE,2026-06-08 20:07:51.071977
MER0308,Soto LLC,Food,India,MEDIUM,0,0,ACTIVE,2026-06-08 20:07:51.071977
MER0309,Evans-Mccarthy,Crypto,India,LOW,0,0,ACTIVE,2026-06-08 20:07:51.071977
MER0310,Flowers Ltd,Food,UK,MEDIUM,0,0,ACTIVE,2026-06-08 20:07:51.071977
MER0311,Suarez Ltd,Travel,UAE,MEDIUM,0,0,ACTIVE,2026-06-08 20:07:51.071977
MER0312,Miller-Harris,Gaming,Singapore,HIGH,0,0,ACTIVE,2026-06-08 20:07:51.071977
MER0313,Callahan and Sons,Food,Singapore,MEDIUM,0,0,ACTIVE,2026-06-08 20:07:51.071977
MER0314,"Davis, Macdonald and Davenport",Gaming,UAE,HIGH,0,0,ACTIVE,2026-06-08 20:07:51.071977
MER0315,"Moore, Keller and Gibson",Crypto,USA,LOW,0,0,ACTIVE,2026-06-08 20:07:51.071977
MER0316,Rojas and Sons,Food,UAE,MEDIUM,0,0,ACTIVE,2026-06-08 20:07:51.071977
MER0317,Martinez Inc,Food,India,LOW,0,0,ACTIVE,2026-06-08 20:07:51.071977
MER0318,Wilson Group,Retail,UAE,HIGH,0,0,ACTIVE,2026-06-08 20:07:51.071977
MER0319,Castillo-Foster,Food,India,LOW,0,0,ACTIVE,2026-06-08 20:07:51.071977
MER0320,Horton-Morris,Travel,UK,LOW,0,0,ACTIVE,2026-06-08 20:07:51.071977
MER0321,"Caldwell, Scott and Medina",Gaming,Singapore,MEDIUM,0,0,ACTIVE,2026-06-08 20:07:51.071977
MER0322,"Bell, Bowers and Sexton",Food,UAE,MEDIUM,0,0,ACTIVE,2026-06-08 20:07:51.071977
MER0323,Miller-Gaines,Retail,India,LOW,0,0,ACTIVE,2026-06-08 20:07:51.071977
MER0324,Reyes-Garcia,Gaming,India,HIGH,0,0,ACTIVE,2026-06-08 20:07:51.071977
MER0325,Wells Inc,Retail,UK,HIGH,0,0,ACTIVE,2026-06-08 20:07:51.071977
MER0326,Smith-Meyer,Crypto,Singapore,MEDIUM,0,0,ACTIVE,2026-06-08 20:07:51.071977
MER0327,Beck-Nelson,Gaming,UK,LOW,0,0,ACTIVE,2026-06-08 20:07:51.071977
MER0328,"Patel, Alvarado and Marshall",Food,UAE,MEDIUM,0,0,ACTIVE,2026-06-08 20:07:51.071977
MER0329,"Stone, Simmons and Clark",Crypto,Singapore,MEDIUM,0,0,ACTIVE,2026-06-08 20:07:51.071977
MER0330,Buck PLC,Food,UK,MEDIUM,0,0,ACTIVE,2026-06-08 20:07:51.071977
MER0331,Donaldson and Sons,Gaming,UK,MEDIUM,0,0,ACTIVE,2026-06-08 20:07:51.071977
MER0332,Cobb Inc,Travel,India,HIGH,0,0,ACTIVE,2026-06-08 20:07:51.071977
MER0333,"Buchanan, James and Wright",Food,Singapore,MEDIUM,0,0,ACTIVE,2026-06-08 20:07:51.071977
MER0334,Black-Weiss,Crypto,Singapore,HIGH,0,0,ACTIVE,2026-06-08 20:07:51.071977
MER0335,Moore Group,Food,USA,LOW,0,0,ACTIVE,2026-06-08 20:07:51.071977
MER0336,"Ray, Miller and Chapman",Food,India,HIGH,0,0,ACTIVE,2026-06-08 20:07:51.071977
MER0337,Trujillo LLC,Retail,India,HIGH,0,0,ACTIVE,2026-06-08 20:07:51.071977
MER0338,"Walker, Krause and Sawyer",Crypto,Singapore,MEDIUM,0,0,ACTIVE,2026-06-08 20:07:51.071977
MER0339,"Thomas, Hernandez and Cooper",Crypto,UAE,HIGH,0,0,ACTIVE,2026-06-08 20:07:51.071977
MER0340,Matthews-Shaffer,Retail,USA,LOW,0,0,ACTIVE,2026-06-08 20:07:51.071977
MER0341,Harvey LLC,Gaming,Singapore,LOW,0,0,ACTIVE,2026-06-08 20:07:51.071977
MER0342,Carroll-Hernandez,Travel,Singapore,LOW,0,0,ACTIVE,2026-06-08 20:07:51.071977
MER0343,Noble Group,Retail,UAE,HIGH,0,0,ACTIVE,2026-06-08 20:07:51.071977
MER0344,Francis and Sons,Crypto,UAE,MEDIUM,0,0,ACTIVE,2026-06-08 20:07:51.071977
MER0345,"Brown, Buck and Mccullough",Travel,Singapore,MEDIUM,0,0,ACTIVE,2026-06-08 20:07:51.071977
MER0346,"Trevino, Hammond and Jones",Food,Singapore,HIGH,0,0,ACTIVE,2026-06-08 20:07:51.071977
MER0347,"Brown, Freeman and Blake",Crypto,UK,MEDIUM,0,0,ACTIVE,2026-06-08 20:07:51.071977
MER0348,Lopez-Lawson,Crypto,UAE,HIGH,0,0,ACTIVE,2026-06-08 20:07:51.071977
MER0349,Reed Inc,Gaming,UAE,LOW,0,0,ACTIVE,2026-06-08 20:07:51.071977
MER0350,Meyer-Choi,Gaming,USA,MEDIUM,0,0,ACTIVE,2026-06-08 20:07:51.071977
MER0351,"Davies, Gibson and Pacheco",Food,UAE,MEDIUM,0,0,ACTIVE,2026-06-08 20:07:51.071977
MER0352,"Smith, Beard and Zimmerman",Food,UAE,LOW,0,0,ACTIVE,2026-06-08 20:07:51.071977
MER0353,Ruiz Ltd,Crypto,UK,MEDIUM,0,0,ACTIVE,2026-06-08 20:07:51.071977
MER0354,Mcmahon Group,Food,UK,HIGH,0,0,ACTIVE,2026-06-08 20:07:51.071977
MER0355,Payne and Sons,Travel,UK,MEDIUM,0,0,ACTIVE,2026-06-08 20:07:51.071977
MER0356,Reese-Miller,Food,UK,LOW,0,0,ACTIVE,2026-06-08 20:07:51.071977
MER0357,Sanders-Turner,Travel,India,LOW,0,0,ACTIVE,2026-06-08 20:07:51.071977
MER0358,"Ramos, Velasquez and Garrett",Retail,Singapore,MEDIUM,0,0,ACTIVE,2026-06-08 20:07:51.071977
MER0359,Weber-Lopez,Gaming,UAE,MEDIUM,0,0,ACTIVE,2026-06-08 20:07:51.071977
MER0360,Gonzalez and Sons,Gaming,UAE,LOW,0,0,ACTIVE,2026-06-08 20:07:51.071977
MER0361,Cox and Sons,Travel,UAE,MEDIUM,0,0,ACTIVE,2026-06-08 20:07:51.071977
MER0362,"Malone, Ruiz and Craig",Food,USA,MEDIUM,0,0,ACTIVE,2026-06-08 20:07:51.071977
MER0363,"Brooks, Rodriguez and Barnes",Travel,USA,MEDIUM,0,0,ACTIVE,2026-06-08 20:07:51.071977
MER0364,"Rogers, Robertson and Townsend",Food,UAE,MEDIUM,0,0,ACTIVE,2026-06-08 20:07:51.071977
MER0365,"Wheeler, Woodward and Rivera",Crypto,India,MEDIUM,0,0,ACTIVE,2026-06-08 20:07:51.071977
MER0366,Liu Inc,Retail,UAE,MEDIUM,0,0,ACTIVE,2026-06-08 20:07:51.071977
MER0367,Blevins-Garcia,Retail,UAE,HIGH,0,0,ACTIVE,2026-06-08 20:07:51.071977
MER0368,Fitzpatrick PLC,Crypto,Singapore,LOW,0,0,ACTIVE,2026-06-08 20:07:51.071977
MER0369,Matthews-Johnson,Crypto,India,MEDIUM,0,0,ACTIVE,2026-06-08 20:07:51.071977
MER0370,Lewis-Cook,Food,UAE,HIGH,0,0,ACTIVE,2026-06-08 20:07:51.071977
MER0371,Johnson Ltd,Retail,India,HIGH,0,0,ACTIVE,2026-06-08 20:07:51.071977
MER0372,Fisher-King,Retail,USA,MEDIUM,0,0,ACTIVE,2026-06-08 20:07:51.071977
MER0373,Powell LLC,Retail,Singapore,HIGH,0,0,ACTIVE,2026-06-08 20:07:51.071977
MER0374,"Gallagher, Colon and Schwartz",Crypto,UAE,HIGH,0,0,ACTIVE,2026-06-08 20:07:51.071977
MER0375,"Hernandez, Walker and Chang",Food,UAE,MEDIUM,0,0,ACTIVE,2026-06-08 20:07:51.071977
MER0376,"Castillo, Bates and Keller",Food,UAE,LOW,0,0,ACTIVE,2026-06-08 20:07:51.071977
MER0377,Abbott-Patel,Travel,USA,HIGH,0,0,ACTIVE,2026-06-08 20:07:51.071977
MER0378,"Wood, Mcintosh and Snyder",Retail,Singapore,LOW,0,0,ACTIVE,2026-06-08 20:07:51.071977
MER0379,White-Manning,Travel,UAE,LOW,0,0,ACTIVE,2026-06-08 20:07:51.071977
MER0380,Bonilla Inc,Food,USA,MEDIUM,0,0,ACTIVE,2026-06-08 20:07:51.071977
MER0381,"Mckenzie, Robles and Chaney",Crypto,India,LOW,0,0,ACTIVE,2026-06-08 20:07:51.071977
MER0382,Miller-Sanchez,Food,India,LOW,0,0,ACTIVE,2026-06-08 20:07:51.071977
MER0383,"Elliott, Stokes and Moran",Crypto,UK,HIGH,0,0,ACTIVE,2026-06-08 20:07:51.071977
MER0384,Cole Inc,Crypto,UAE,LOW,0,0,ACTIVE,2026-06-08 20:07:51.071977
MER0385,"Mccarthy, Hernandez and Cook",Crypto,India,MEDIUM,0,0,ACTIVE,2026-06-08 20:07:51.071977
MER0386,Horton-Price,Food,USA,LOW,0,0,ACTIVE,2026-06-08 20:07:51.071977
MER0387,"Ortiz, Johnson and Griffin",Food,USA,MEDIUM,0,0,ACTIVE,2026-06-08 20:07:51.071977
MER0388,Williams-Adams,Food,Singapore,MEDIUM,0,0,ACTIVE,2026-06-08 20:07:51.071977
MER0389,Schultz-Smith,Retail,UAE,LOW,0,0,ACTIVE,2026-06-08 20:07:51.071977
MER0390,Li Inc,Crypto,USA,MEDIUM,0,0,ACTIVE,2026-06-08 20:07:51.071977
MER0391,Ramsey-Guerrero,Crypto,UAE,HIGH,0,0,ACTIVE,2026-06-08 20:07:51.071977
MER0392,Diaz-Blair,Travel,UAE,MEDIUM,0,0,ACTIVE,2026-06-08 20:07:51.071977
MER0393,Garcia PLC,Crypto,USA,HIGH,0,0,ACTIVE,2026-06-08 20:07:51.071977
MER0394,"Davies, Rodriguez and Duke",Food,Singapore,HIGH,0,0,ACTIVE,2026-06-08 20:07:51.071977
MER0395,"Gray, Hansen and Jenkins",Food,UK,LOW,0,0,ACTIVE,2026-06-08 20:07:51.071977
MER0396,"Bullock, Stevens and Wells",Crypto,India,HIGH,0,0,ACTIVE,2026-06-08 20:07:51.071977
MER0397,"Harris, Blake and Chase",Food,UK,MEDIUM,0,0,ACTIVE,2026-06-08 20:07:51.071977
MER0398,Cox-Martinez,Crypto,UAE,HIGH,0,0,ACTIVE,2026-06-08 20:07:51.071977
MER0399,"Roberts, Huerta and Gaines",Gaming,USA,HIGH,0,0,ACTIVE,2026-06-08 20:07:51.071977
MER0400,Wright Inc,Retail,USA,MEDIUM,0,0,ACTIVE,2026-06-08 20:07:51.071977
MER0401,"Reed, Harrison and Martinez",Travel,India,HIGH,0,0,ACTIVE,2026-06-08 20:07:51.071977
MER0402,Mitchell LLC,Crypto,UAE,LOW,0,0,ACTIVE,2026-06-08 20:07:51.071977
MER0403,"Rodriguez, Robertson and Hamilton",Retail,UK,HIGH,0,0,ACTIVE,2026-06-08 20:07:51.071977
MER0404,Kaufman Inc,Retail,India,MEDIUM,0,0,ACTIVE,2026-06-08 20:07:51.071977
MER0405,"Thomas, Dunn and Miller",Travel,India,LOW,0,0,ACTIVE,2026-06-08 20:07:51.071977
MER0406,Sanchez Group,Crypto,India,MEDIUM,0,0,ACTIVE,2026-06-08 20:07:51.071977
MER0407,Fowler-Armstrong,Gaming,UK,MEDIUM,0,0,ACTIVE,2026-06-08 20:07:51.071977
MER0408,Williams and Sons,Retail,Singapore,HIGH,0,0,ACTIVE,2026-06-08 20:07:51.071977
MER0409,Whitney-Gordon,Food,UAE,MEDIUM,0,0,ACTIVE,2026-06-08 20:07:51.071977
MER0410,Cardenas-Murray,Food,UAE,HIGH,0,0,ACTIVE,2026-06-08 20:07:51.071977
MER0411,Hernandez-Miller,Crypto,UK,HIGH,0,0,ACTIVE,2026-06-08 20:07:51.071977
MER0412,Greer-Neal,Gaming,UAE,HIGH,0,0,ACTIVE,2026-06-08 20:07:51.071977
MER0413,Knapp PLC,Retail,Singapore,MEDIUM,0,0,ACTIVE,2026-06-08 20:07:51.071977
MER0414,Cohen and Sons,Food,India,LOW,0,0,ACTIVE,2026-06-08 20:07:51.071977
MER0415,Taylor-Jennings,Retail,UK,HIGH,0,0,ACTIVE,2026-06-08 20:07:51.071977
MER0416,Pruitt-Johnson,Travel,UK,LOW,0,0,ACTIVE,2026-06-08 20:07:51.071977
MER0417,Fuller and Sons,Retail,USA,HIGH,0,0,ACTIVE,2026-06-08 20:07:51.071977
MER0418,"Berry, Mccarthy and Hodge",Travel,UAE,HIGH,0,0,ACTIVE,2026-06-08 20:07:51.071977
MER0419,"Morgan, Douglas and Hines",Gaming,India,LOW,0,0,ACTIVE,2026-06-08 20:07:51.071977
MER0420,Smith-Graham,Travel,UAE,MEDIUM,0,0,ACTIVE,2026-06-08 20:07:51.071977
MER0421,"Chambers, Esparza and Bell",Food,Singapore,LOW,0,0,ACTIVE,2026-06-08 20:07:51.071977
MER0422,Stephens-Mercado,Travel,UAE,HIGH,0,0,ACTIVE,2026-06-08 20:07:51.071977
MER0423,Warren and Sons,Food,India,HIGH,0,0,ACTIVE,2026-06-08 20:07:51.071977
MER0424,Long PLC,Travel,UAE,MEDIUM,0,0,ACTIVE,2026-06-08 20:07:51.071977
MER0425,Torres and Sons,Gaming,UK,LOW,0,0,ACTIVE,2026-06-08 20:07:51.071977
MER0426,Meadows-Gonzales,Retail,UK,LOW,0,0,ACTIVE,2026-06-08 20:07:51.071977
MER0427,Garcia-Ellison,Crypto,UAE,LOW,0,0,ACTIVE,2026-06-08 20:07:51.071977
MER0428,"Smith, Sharp and Smith",Gaming,India,MEDIUM,0,0,ACTIVE,2026-06-08 20:07:51.071977
MER0429,Williams-Blake,Food,Singapore,HIGH,0,0,ACTIVE,2026-06-08 20:07:51.071977
MER0430,Rogers-Miranda,Crypto,Singapore,LOW,0,0,ACTIVE,2026-06-08 20:07:51.071977
MER0431,"Torres, Cruz and Clayton",Crypto,India,LOW,0,0,ACTIVE,2026-06-08 20:07:51.071977
MER0432,Gibson-White,Travel,India,MEDIUM,0,0,ACTIVE,2026-06-08 20:07:51.071977
MER0433,Madden LLC,Gaming,India,LOW,0,0,ACTIVE,2026-06-08 20:07:51.071977
MER0434,Jefferson LLC,Food,India,LOW,0,0,ACTIVE,2026-06-08 20:07:51.071977
MER0435,Robinson-Adkins,Crypto,India,HIGH,0,0,ACTIVE,2026-06-08 20:07:51.071977
MER0436,Davis Group,Crypto,UK,LOW,0,0,ACTIVE,2026-06-08 20:07:51.071977
MER0437,Arnold-Watts,Gaming,UAE,LOW,0,0,ACTIVE,2026-06-08 20:07:51.071977
MER0438,Jarvis-Hopkins,Travel,UAE,HIGH,0,0,ACTIVE,2026-06-08 20:07:51.071977
MER0439,Pennington LLC,Crypto,India,LOW,0,0,ACTIVE,2026-06-08 20:07:51.071977
MER0440,"Bolton, Gibson and Molina",Crypto,Singapore,LOW,0,0,ACTIVE,2026-06-08 20:07:51.071977
MER0441,Blevins and Sons,Gaming,UK,MEDIUM,0,0,ACTIVE,2026-06-08 20:07:51.071977
MER0442,Gutierrez PLC,Retail,UK,HIGH,0,0,ACTIVE,2026-06-08 20:07:51.071977
MER0443,"Richardson, Perez and Delgado",Travel,USA,HIGH,0,0,ACTIVE,2026-06-08 20:07:51.071977
MER0444,Hernandez Inc,Crypto,India,LOW,0,0,ACTIVE,2026-06-08 20:07:51.071977
MER0445,Hines-Crawford,Gaming,Singapore,LOW,0,0,ACTIVE,2026-06-08 20:07:51.071977
MER0446,Peters Inc,Gaming,India,MEDIUM,0,0,ACTIVE,2026-06-08 20:07:51.071977
MER0447,"Kirk, Hernandez and Smith",Travel,UAE,LOW,0,0,ACTIVE,2026-06-08 20:07:51.071977
MER0448,Love Inc,Crypto,Singapore,HIGH,0,0,ACTIVE,2026-06-08 20:07:51.071977
MER0449,"Mcdonald, Williams and Williamson",Travel,UK,HIGH,0,0,ACTIVE,2026-06-08 20:07:51.071977
MER0450,Anderson PLC,Gaming,India,MEDIUM,0,0,ACTIVE,2026-06-08 20:07:51.071977
MER0451,"Garcia, Gonzalez and Dougherty",Gaming,USA,MEDIUM,0,0,ACTIVE,2026-06-08 20:07:51.071977
MER0452,"Sims, Rodriguez and Mitchell",Travel,UK,LOW,0,0,ACTIVE,2026-06-08 20:07:51.071977
MER0453,Bass and Sons,Travel,Singapore,MEDIUM,0,0,ACTIVE,2026-06-08 20:07:51.071977
MER0454,"Davis, Anderson and Daniel",Gaming,UK,LOW,0,0,ACTIVE,2026-06-08 20:07:51.071977
MER0455,Johnson-Davis,Travel,UAE,LOW,0,0,ACTIVE,2026-06-08 20:07:51.071977
MER0456,Mccormick Inc,Gaming,UAE,LOW,0,0,ACTIVE,2026-06-08 20:07:51.071977
MER0457,"Hatfield, Velasquez and Merritt",Retail,UK,LOW,0,0,ACTIVE,2026-06-08 20:07:51.071977
MER0458,Clark Inc,Retail,Singapore,HIGH,0,0,ACTIVE,2026-06-08 20:07:51.071977
MER0459,Green PLC,Retail,India,MEDIUM,0,0,ACTIVE,2026-06-08 20:07:51.071977
MER0460,Stanley-Bush,Gaming,USA,HIGH,0,0,ACTIVE,2026-06-08 20:07:51.071977
MER0461,Cox and Sons,Travel,UK,MEDIUM,0,0,ACTIVE,2026-06-08 20:07:51.071977
MER0462,Boyd-Garcia,Travel,Singapore,MEDIUM,0,0,ACTIVE,2026-06-08 20:07:51.071977
MER0463,Miranda-Williams,Retail,USA,MEDIUM,0,0,ACTIVE,2026-06-08 20:07:51.071977
MER0464,Bailey Inc,Retail,UAE,MEDIUM,0,0,ACTIVE,2026-06-08 20:07:51.071977
MER0465,"Mcdaniel, Barrett and Ward",Food,Singapore,LOW,0,0,ACTIVE,2026-06-08 20:07:51.071977
MER0466,Lee-Harris,Gaming,UAE,MEDIUM,0,0,ACTIVE,2026-06-08 20:07:51.071977
MER0467,Wilson-Kim,Crypto,Singapore,HIGH,0,0,ACTIVE,2026-06-08 20:07:51.071977
MER0468,Crawford-Wallace,Gaming,USA,HIGH,0,0,ACTIVE,2026-06-08 20:07:51.071977
MER0469,"Castillo, Nguyen and Weber",Retail,USA,LOW,0,0,ACTIVE,2026-06-08 20:07:51.071977
MER0470,Gregory Group,Food,UAE,LOW,0,0,ACTIVE,2026-06-08 20:07:51.071977
MER0471,Anderson PLC,Food,USA,MEDIUM,0,0,ACTIVE,2026-06-08 20:07:51.071977
MER0472,Gregory PLC,Gaming,USA,MEDIUM,0,0,ACTIVE,2026-06-08 20:07:51.071977
MER0473,Warner-Williams,Food,USA,LOW,0,0,ACTIVE,2026-06-08 20:07:51.071977
MER0474,Johnson-Castro,Retail,UAE,HIGH,0,0,ACTIVE,2026-06-08 20:07:51.071977
MER0475,King-Rodriguez,Gaming,UK,HIGH,0,0,ACTIVE,2026-06-08 20:07:51.071977
MER0476,Gordon Inc,Travel,Singapore,HIGH,0,0,ACTIVE,2026-06-08 20:07:51.071977
MER0477,"Moyer, Bennett and Proctor",Retail,UK,HIGH,0,0,ACTIVE,2026-06-08 20:07:51.071977
MER0478,Barron-Marshall,Travel,UK,HIGH,0,0,ACTIVE,2026-06-08 20:07:51.071977
MER0479,Hall LLC,Crypto,India,HIGH,0,0,ACTIVE,2026-06-08 20:07:51.071977
MER0480,Gilbert-Anderson,Gaming,India,MEDIUM,0,0,ACTIVE,2026-06-08 20:07:51.071977
MER0481,"Estrada, Park and Webb",Gaming,UK,MEDIUM,0,0,ACTIVE,2026-06-08 20:07:51.071977
MER0482,"Velasquez, Mccoy and Jenkins",Retail,India,MEDIUM,0,0,ACTIVE,2026-06-08 20:07:51.071977
MER0483,"Phillips, Moore and Massey",Gaming,India,MEDIUM,0,0,ACTIVE,2026-06-08 20:07:51.071977
MER0484,Arnold Inc,Crypto,UK,MEDIUM,0,0,ACTIVE,2026-06-08 20:07:51.071977
MER0485,Cooper-Spence,Gaming,USA,HIGH,0,0,ACTIVE,2026-06-08 20:07:51.071977
MER0486,"Spencer, Ayala and Lozano",Food,India,HIGH,0,0,ACTIVE,2026-06-08 20:07:51.071977
MER0487,Williamson and Sons,Crypto,UAE,HIGH,0,0,ACTIVE,2026-06-08 20:07:51.071977
MER0488,Roach and Sons,Crypto,USA,MEDIUM,0,0,ACTIVE,2026-06-08 20:07:51.071977
MER0489,Cummings-Vaughn,Travel,Singapore,LOW,0,0,ACTIVE,2026-06-08 20:07:51.071977
MER0490,"Brown, Rice and White",Travel,UAE,LOW,0,0,ACTIVE,2026-06-08 20:07:51.071977
MER0491,"Garcia, Little and Logan",Retail,UAE,LOW,0,0,ACTIVE,2026-06-08 20:07:51.071977
MER0492,Carson PLC,Retail,India,MEDIUM,0,0,ACTIVE,2026-06-08 20:07:51.071977
MER0493,Mason PLC,Travel,India,HIGH,0,0,ACTIVE,2026-06-08 20:07:51.071977
MER0494,"Johnson, Daugherty and Houston",Retail,India,MEDIUM,0,0,ACTIVE,2026-06-08 20:07:51.071977
MER0495,Obrien Ltd,Food,UK,LOW,0,0,ACTIVE,2026-06-08 20:07:51.071977
MER0496,"Burns, Bolton and Peterson",Travel,UK,LOW,0,0,ACTIVE,2026-06-08 20:07:51.071977
MER0497,Jones-Munoz,Gaming,USA,LOW,0,0,ACTIVE,2026-06-08 20:07:51.071977
MER0498,Douglas LLC,Retail,UAE,HIGH,0,0,ACTIVE,2026-06-08 20:07:51.071977
MER0499,Davis-Martinez,Travel,India,LOW,0,0,ACTIVE,2026-06-08 20:07:51.071977
